Index,Title,Artist,Top Genre,Year,Beats Per Minute (BPM),Energy,Danceability,Loudness (dB),Liveness,Length (Duration),Popularity
1,Sunrise,Norah Jones,adult standards,2004,157,30,53,-14,11,201,71
2,Black Night,Deep Purple,album rock,2000,135,79,50,-11,17,207,39
3,Clint Eastwood,Gorillaz,alternative hip hop,2001,168,69,66,-9,7,341,69
4,The Pretender,Foo Fighters,alternative metal,2007,173,96,43,-4,3,269,76
5,Waitin' On A Sunny Day,Bruce Springsteen,classic rock,2002,106,82,58,-5,10,256,59
6,The Road Ahead (Miles Of The Unknown),City To City,alternative pop rock,2004,99,46,54,-9,14,247,45
7,She Will Be Loved,Maroon 5,pop,2002,102,71,71,-6,13,257,74
8,Knights of Cydonia,Muse,modern rock,2006,137,96,37,-5,12,366,69
9,Mr. Brightside,The Killers,modern rock,2004,148,92,36,-4,10,223,77
10,Without Me,Eminem,detroit hip hop,2002,112,67,91,-3,24,290,82
11,Love Me Tender,Elvis Presley,adult standards,2002,109,5,44,-16,11,162,49
12,Seven Nation Army,The White Stripes,alternative rock,2003,124,46,74,-8,26,232,74
13,Als Het Golft,De Dijk,dutch indie,2000,102,88,54,-6,53,214,34
14,I'm going home,Ten Years After,album rock,2005,117,93,38,-2,81,639,26
15,Fluorescent Adolescent,Arctic Monkeys,garage rock,2007,112,81,65,-5,14,173,66
16,Zonder Jou,Paul de Leeuw,dutch cabaret,2006,133,42,42,-10,16,236,48
17,Speed of Sound,Coldplay,permanent wave,2005,123,90,52,-7,7,288,69
18,Uninvited,Alanis Morissette,alternative rock,2005,127,54,38,-5,9,276,57
19,Music,John Miles,classic uk pop,2004,87,31,27,-13,63,352,46
20,Cry Me a River,Justin Timberlake,dance pop,2002,74,65,62,-7,10,288,74
21,Fix You,Coldplay,permanent wave,2005,138,42,21,-9,11,296,81
22,The Cave,Mumford & Sons,modern folk rock,2009,142,51,60,-10,11,218,67
23,Als De Morgen Is Gekomen,Jan Smit,dutch pop,2006,96,89,63,-6,9,176,55
24,Somebody Told Me,The Killers,modern rock,2004,138,99,51,-3,12,197,69
25,Dichterbij Dan Ooit,BLØF,dutch pop,2002,112,74,65,-7,23,261,16
26,Miracle,Ilse DeLange,dutch americana,2008,130,48,55,-8,10,270,50
27,Smokers Outside the Hospital Doors,Editors,alternative dance,2007,123,68,53,-4,12,298,56
28,Cleanin' Out My Closet,Eminem,detroit hip hop,2002,148,76,91,-5,8,298,71
29,Der Weg,Herbert Grönemeyer,german pop,2008,142,24,34,-11,12,259,48
30,7 Seconds (feat. Neneh Cherry),Youssou N'Dour,afropop,2004,154,70,68,-10,33,306,59
31,The Scientist,Coldplay,permanent wave,2002,146,44,56,-7,11,310,84
32,Big Log - 2006 Remaster,Robert Plant,album rock,2007,181,59,56,-9,20,306,57
33,Chasing Pavements,Adele,british soul,2008,80,47,62,-6,11,211,63
34,Don't Know Why,Norah Jones,adult standards,2002,88,20,73,-12,7,186,74
35,Tears Dry On Their Own,Amy Winehouse,british soul,2006,122,87,64,-3,29,185,72
36,The Eyes of Jenny,Sandy Coast,classic uk pop,2009,119,53,68,-12,8,264,44
37,Iris,The Goo Goo Dolls,alternative rock,2007,156,79,29,-6,8,290,75
38,The Saints Are Coming,U2,irish rock,2006,152,81,32,-7,15,202,40
39,All My Life,Foo Fighters,alternative metal,2002,168,60,58,-6,48,263,72
40,De Weg,Guus Meeuwis,dutch pop,2005,72,21,46,-11,11,266,42
41,Don't Let Me Be Misunderstood,Santa Esmeralda,disco,2003,118,82,67,-9,5,629,59
42,Traffic - Radio Edit,Tiësto,big room,2009,138,64,71,-10,19,177,53
43,Take Me Out,Franz Ferdinand,alternative rock,2004,105,68,28,-9,14,237,74
44,American Idiot,Green Day,modern rock,2004,186,99,38,-2,37,176,78
45,Breaking the Habit,Linkin Park,alternative metal,2003,100,85,58,-5,9,197,65
46,Come Undone,Robbie Williams,dance pop,2002,168,57,38,-5,35,278,56
47,Sweet Jane,Lou Reed,art rock,2008,115,46,83,-10,70,331,43
48,Run,Snow Patrol,irish rock,2004,75,64,37,-6,17,355,65
49,"You're The First, The Last, My Everything",Barry White,adult standards,2009,131,72,64,-7,14,213,67
50,The Day After Tomorrow,Saybia,danish pop rock,2005,76,77,46,-5,14,234,51
51,Just Breathe,Pearl Jam,alternative rock,2009,108,35,47,-11,8,216,69
52,Dansen Aan Zee,BLØF,dutch pop,2000,194,43,35,-11,10,275,52
53,Goodbye My Lover,James Blunt,neo mellow,2005,90,26,43,-13,9,259,69
54,The Unforgiven III,Metallica,alternative metal,2008,122,77,30,-3,12,467,52
55,Hurt,Christina Aguilera,dance pop,2006,149,30,33,-7,11,243,67
56,Grounds for Divorce,Elbow,britpop,2009,92,76,52,-5,57,219,43
57,Sometimes You Can't Make It On Your Own,U2,irish rock,2004,96,60,53,-6,11,305,57
58,"Listen (From the Motion Picture ""Dreamgirls"")",Beyoncé,dance pop,2006,123,59,48,-5,18,218,44
59,I Want It That Way,Backstreet Boys,boy band,2001,99,70,69,-6,16,214,77
60,Goin To The Run,Golden Earring,album rock,2008,124,59,47,-8,28,236,38
61,De Neus Umhoeg,Rowwen Hèze,carnaval limburg,2005,132,41,62,-14,10,215,32
62,Solitary Man,Johnny Cash,arkansas country,2000,86,56,44,-7,25,144,47
63,Smoorverliefd,Doe Maar,dutch cabaret,2008,166,75,70,-9,19,195,48
64,Me Gustas Tu,Manu Chao,latin alternative,2001,176,74,66,-7,22,240,70
65,Kryptonite,3 Doors Down,alternative metal,2000,99,87,55,-6,17,234,77
66,Crazy,Seal,british soul,2004,103,86,63,-7,7,357,63
67,Family Portrait,P!nk,dance pop,2001,92,69,76,-5,57,297,56
68,In The Army Now,Status Quo,album rock,2002,105,73,68,-8,14,281,59
69,I Surrender,Saybia,danish pop rock,2004,136,43,28,-7,6,219,55
70,Maybe Tomorrow,Stereophonics,britpop,2003,81,65,50,-7,33,273,64
71,Make You Feel My Love,Adele,british soul,2008,77,18,55,-11,11,212,73
72,No One Knows,Queens of the Stone Age,alternative metal,2002,171,58,51,-5,37,279,65
73,Where Do You Go To (My Lovely) - Re-Recorded,Peter Sarstedt,british folk,2008,183,44,56,-8,12,288,58
74,The Wild Rover,The Dubliners,celtic,2008,178,68,30,-8,43,249,46
75,Little Lion Man,Mumford & Sons,modern folk rock,2009,139,48,52,-8,9,247,67
76,Dirty Diana,Michael Jackson,pop,2003,131,80,75,-5,42,281,55
77,Ne me quitte pas,Jacques Brel,chanson,2004,101,24,42,-11,19,229,58
78,Sad Man's Tongue,Volbeat,alternative metal,2007,110,96,43,-4,17,186,57
79,Wat Zou Je Doen - Live,Marco Borsato,dutch cabaret,2006,104,92,66,-6,61,229,30
80,One Day Like This,Elbow,britpop,2009,159,67,43,-6,14,394,45
81,Bagagedrager,Spinvis,dutch indie,2002,160,71,50,-8,43,375,45
82,Wêr Bisto,Twarres,dutch pop,2001,88,32,52,-11,9,226,48
83,Only Time,Enya,celtic,2000,83,25,42,-14,11,219,70
84,Sorry Seems To Be The Hardest Word,Blue,boy band,2004,79,60,56,-7,38,210,58
85,Self Esteem,The Offspring,alternative metal,2005,105,91,46,-4,36,258,72
86,Aanzoek Zonder Ringen,BLØF,dutch pop,2006,160,85,55,-8,32,283,42
87,Modern World,Anouk,dutch indie,2007,120,76,70,-5,13,210,42
88,Rosie,Claw Boys Claw,dutch indie,2007,100,55,59,-12,11,264,43
89,This Is Not America - 2002 Remaster,David Bowie,album rock,2002,115,67,72,-12,5,231,43
90,Times Like These,Foo Fighters,alternative metal,2002,145,91,38,-4,24,266,65
91,De Vondeling Van Ameland,Boudewijn de Groot,dutch indie,2007,110,35,39,-10,11,306,19
92,I'm Gonna Be (500 Miles),The Proclaimers,celtic rock,2003,132,55,85,-5,8,219,74
93,Afscheid Nemen Bestaat Niet,Marco Borsato,dutch cabaret,2006,128,40,40,-9,9,240,49
94,Blauwe Ruis,BLØF,dutch pop,2002,130,70,52,-7,13,268,41
95,Limburg - Live,Rowwen Hèze,carnaval limburg,2008,157,93,23,-5,93,403,32
96,21 Guns,Green Day,modern rock,2009,160,74,27,-5,63,321,75
97,Valerie (feat. Amy Winehouse) - Version Revisited,Mark Ronson,dance pop,2007,106,84,70,-5,12,219,62
98,Blaosmuziek,Gé Reinders,carnaval limburg,2005,61,13,27,-14,33,232,38
99,Binnen,Marco Borsato,dutch cabaret,2002,92,90,50,-7,15,275,30
100,Motorcycle Emptiness,Manic Street Preachers,alternative rock,2002,112,81,53,-4,16,306,39
101,In the End,Linkin Park,alternative metal,2000,105,86,56,-6,21,217,83
102,Halt mich,Herbert Grönemeyer,german pop,2008,104,44,29,-7,8,207,44
103,Girl,Anouk,dutch indie,2004,136,80,67,-5,6,211,56
104,"Trapped - Live at Meadowlands Arena, E. Rutherford, NJ - August 1984",Bruce Springsteen,classic rock,2003,162,62,32,-6,60,308,40
105,Ik Wou Dat Ik Jou Was,Veldhuis & Kemper,dutch cabaret,2003,160,61,36,-6,11,237,58
106,Empire State of Mind (Part II) Broken Down,Alicia Keys,hip pop,2009,93,37,48,-8,12,216,75
107,Numb / Encore,JAY-Z,east coast hip hop,2004,107,79,69,-4,58,206,75
108,Ben Ik Te Min,Armand,dutch rock,2009,101,69,62,-7,6,208,47
109,All Summer Long,Kid Rock,alternative metal,2007,103,86,70,-4,10,298,72
110,Forever Autumn,Jeff Wayne,classic uk pop,2007,122,49,35,-7,21,273,41
111,Waiting On the World to Change,John Mayer,neo mellow,2006,177,76,58,-6,25,201,74
112,Everybody's Changing,Keane,modern rock,2004,94,84,52,-4,10,215,54
113,How to Save a Life,The Fray,modern rock,2005,122,74,64,-4,10,263,80
114,"Bloed, Zweet En Tranen",Andre Hazes,dutch pop,2002,68,72,60,-4,35,242,59
115,"Lose Yourself - From ""8 Mile"" Soundtrack",Eminem,detroit hip hop,2005,171,74,69,-5,36,326,77
116,Europa (Earth's Cry Heaven's Smile),Santana,blues rock,2007,75,67,30,-5,15,306,59
117,Feeling Good,Muse,modern rock,2001,109,42,35,-8,10,199,51
118,"Harder, Better, Faster, Stronger",Daft Punk,electro,2001,123,72,82,-9,36,225,71
119,Use Somebody,Kings of Leon,modern rock,2008,137,72,28,-5,20,231,76
120,Sweet Disposition,The Temper Trap,alternative dance,2009,129,82,53,-7,12,231,64
121,Single Ladies (Put a Ring on It),Beyoncé,dance pop,2008,193,58,43,-5,19,193,70
122,You're the Voice,John Farnham,australian pop,2008,85,76,37,-9,58,302,62
123,Voltooid Verleden Tijd,IOS,dutch pop,2009,138,44,46,-9,10,294,39
124,Eternal Flame,The Bangles,album rock,2004,79,36,53,-7,9,238,70
125,Papa Was A Rolling Stone,The Temptations,adult standards,2001,120,60,85,-12,19,433,44
126,Crazy In Love (feat. Jay-Z),Beyoncé,dance pop,2003,99,77,65,-7,7,236,75
127,Best of You,Foo Fighters,alternative metal,2005,130,94,37,-5,19,256,75
128,Daughters,John Mayer,neo mellow,2003,125,41,67,-8,10,238,68
129,De wedstrijd,Bram Vermeulen,belgian rock,2006,136,85,58,-6,79,302,42
130,Papillon,Editors,alternative dance,2009,126,95,51,-5,30,324,56
131,Sadeness,Enigma,downtempo,2001,96,64,59,-10,9,256,58
132,Red Mij Niet - Single Edit,Maarten Van Roozendaal,dutch indie,2001,119,38,52,-9,10,270,36
133,Love Is A Losing Game,Amy Winehouse,british soul,2006,165,56,48,-6,18,154,67
134,Zij,Marco Borsato,dutch cabaret,2002,58,40,25,-9,9,245,52
135,Tribute,Tenacious D,alternative metal,2001,94,77,37,-6,9,248,59
136,You Know I'm No Good,Amy Winehouse,british soul,2006,103,81,71,-4,7,257,74
137,Talk,Coldplay,permanent wave,2005,120,56,41,-11,16,311,63
138,Love Is A Battlefield,Pat Benatar,album rock,2001,91,63,67,-12,10,245,54
139,Home,Michael Bublé,adult standards,2005,128,37,61,-9,11,226,64
140,Sonne,Rammstein,alternative metal,2001,75,92,51,-5,40,272,60
141,I Gotta Feeling,The Black Eyed Peas,dance pop,2009,128,77,74,-6,51,289,69
142,She Sells Sanctuary,The Cult,album rock,2000,139,77,55,-9,13,253,63
143,Alie,Normaal,dutch rock,2008,93,77,52,-11,6,181,42
144,Red Red Wine,UB40,reggae fusion,2000,89,47,86,-9,27,184,74
145,A Little Less Conversation - JXL Radio Edit Remix,Elvis Presley,adult standards,2002,115,97,60,-6,13,212,64
146,Love You More,Racoon,dutch indie,2005,171,20,34,-11,11,197,43
147,Old Man,Neil Young,album rock,2004,141,30,71,-12,10,203,44
148,Zij Maakt Het Verschil,De Poema's,dutch pop,2003,173,55,34,-8,12,280,54
149,I Want To Hold Your Hand - Remastered 2015,The Beatles,british invasion,2000,131,72,49,-6,31,146,75
150,Black Magic Woman,Santana,blues rock,2007,124,55,50,-7,9,196,62
151,Set The Fire To The Third Bar,Snow Patrol,irish rock,2006,96,38,54,-7,8,204,49
152,Ghost Love Score,Nightwish,finnish metal,2004,101,78,44,-5,29,602,38
153,Going To A Town,Rufus Wainwright,canadian pop,2007,124,46,56,-7,10,245,38
154,Is Dit Alles,Doe Maar,dutch cabaret,2008,121,41,83,-14,5,324,44
155,A Gentleman's Excuse Me,Fish,album rock,2008,126,17,33,-14,32,259,44
156,God Put a Smile upon Your Face,Coldplay,permanent wave,2002,127,56,61,-6,4,297,64
157,Heartbreak Warfare,John Mayer,neo mellow,2009,97,55,62,-8,30,270,66
158,Sailing to Philadelphia,Mark Knopfler,classic rock,2005,99,48,59,-10,9,353,39
159,Accidentally In Love,Counting Crows,alternative rock,2004,138,93,55,-4,9,189,59
160,It's Raining Men,The Weather Girls,disco,2008,136,93,66,-6,70,212,58
161,One Word,Anouk,dutch indie,2004,92,57,62,-8,11,243,52
162,Goodnight Saigon,Billy Joel,album rock,2001,129,39,59,-14,7,423,46
163,Moonlight Shadow,Mike Oldfield,album rock,2009,129,72,61,-8,36,218,64
164,Zing - Vecht - Huil - Bid - Lach - Werk En Bewonder,Ramses Shaffy,dutch cabaret,2006,130,32,53,-17,97,281,41
165,Uprising,Muse,modern rock,2009,128,91,60,-4,12,305,76
166,My Immortal,Evanescence,alternative metal,2003,79,27,19,-9,13,263,74
167,Feel Like Flying,Racoon,dutch indie,2005,98,69,67,-7,10,213,41
168,Everything,Michael Bublé,adult standards,2007,123,69,69,-5,9,212,73
169,Hey There Delilah,Plain White T's,neo mellow,2005,104,29,66,-11,11,233,80
170,Speeltuin,Marco Borsato,dutch cabaret,2002,112,8,53,-16,11,135,50
171,"Comptine d'un autre été, l'après-midi",Yann Tiersen,bow pop,2001,100,19,48,-15,11,141,56
172,Sweet Goodbyes,Krezip,dutch indie,2009,110,33,63,-9,11,193,56
173,The Man Who Can't Be Moved,The Script,celtic rock,2008,100,63,61,-5,10,241,64
174,"Free Fallin' - Live at the Nokia Theatre, Los Angeles, CA - December 2007",John Mayer,neo mellow,2008,173,30,32,-13,70,264,75
175,Halo,Beyoncé,dance pop,2008,80,72,51,-6,6,262,78
176,Hollereer,De Jeugd Van Tegenwoordig,dutch hip hop,2008,190,76,79,-7,10,346,46
177,Hier,BLØF,dutch pop,2000,164,76,50,-8,14,248,40
178,Ice Queen,Within Temptation,dutch metal,2003,92,57,26,-8,11,319,47
179,Another 45 Miles,Golden Earring,album rock,2008,91,59,56,-10,23,284,50
180,Like a Hurricane - 2003 Remaster,Neil Young,album rock,2004,114,83,42,-5,16,501,49
181,Father & Friend,Alain Clark,dutch pop,2007,98,62,66,-9,7,256,35
182,"(I've Had) The Time of My Life - From ""Dirty Dancing"" Soundtrack",Bill Medley,soft rock,2004,109,78,70,-8,6,289,70
183,The Blower's Daughter,Damien Rice,acoustic pop,2003,133,20,34,-14,34,287,56
184,Magnificent,U2,irish rock,2009,115,72,53,-6,11,324,44
185,Virtual Insanity - Remastered,Jamiroquai,acid jazz,2006,92,95,66,-5,14,229,69
186,Belle Hélène,Doe Maar,dutch cabaret,2008,138,56,74,-10,8,170,49
187,Go With The Flow,Queens of the Stone Age,alternative metal,2002,159,99,24,-4,83,187,58
188,Sound Of The Screameng Day,Golden Earrings,dutch prog,2008,138,55,59,-8,29,171,26
189,Plug in Baby,Muse,modern rock,2001,136,97,41,-4,11,218,53
190,Heavy Cross,Gossip,alternative dance,2009,120,69,79,-4,14,243,59
191,Nederwiet,Doe Maar,dutch cabaret,2008,131,71,78,-9,6,414,39
192,Heart Of Glass,Blondie,candy pop,2006,115,70,73,-8,6,252,52
193,The Real Slim Shady,Eminem,detroit hip hop,2000,105,66,95,-4,5,284,80
194,Stuck In A Moment You Can't Get Out Of,U2,irish rock,2000,159,64,52,-5,17,272,52
195,Tumble and Fall,JOHAN,dutch indie,2001,170,61,45,-7,9,209,36
196,Les lacs du Connemara,Michel Sardou,chanson,2004,112,59,30,-10,63,364,59
197,Hier Kom Ik Weg,Daniël Lohues,dutch indie,2008,92,38,57,-10,13,208,39
198,Starlight,Muse,modern rock,2006,122,87,55,-4,21,240,73
199,Dakota,Stereophonics,britpop,2005,147,93,51,-3,9,297,68
200,Time To Say Goodbye (Con Te Partirò),Sarah Brightman,operatic pop,2006,105,44,29,-7,10,246,59
201,Green Eyes,Coldplay,permanent wave,2002,130,41,61,-9,23,223,63
202,Silence (feat. Sarah McLachlan) - DJ Tiësto's In Search of Sunrise Edit,Delerium,trance,2004,138,85,60,-6,6,235,58
203,De Kapitein Deel II,Acda en de Munnik,dutch cabaret,2000,115,61,67,-11,11,181,51
204,Supermassive Black Hole,Muse,modern rock,2006,120,92,67,-4,9,212,73
205,Pak Maar M'n Hand,Nick & Simon,dutch pop,2007,166,57,32,-5,11,212,59
206,De Bom,Doe Maar,dutch cabaret,2008,133,81,86,-8,12,161,49
207,Bombay,Golden Earring,album rock,2008,125,92,52,-7,2,234,34
208,Mary Jane's Last Dance,Tom Petty and the Heartbreakers,album rock,2008,170,66,46,-9,33,274,72
209,Oerend Hard,Normaal,dutch rock,2008,127,66,66,-10,8,225,52
210,Society,Eddie Vedder,permanent wave,2007,162,33,56,-11,11,236,67
211,White Flag,Dido,dance pop,2003,170,54,51,-7,9,241,54
212,Heaven Must Be Missing An Angel - Pt. 1,Tavares,adult standards,2004,117,75,61,-9,39,394,49
213,Wake Me up When September Ends,Green Day,modern rock,2004,105,81,55,-5,10,286,77
214,Can't Stop,Red Hot Chili Peppers,alternative rock,2002,91,94,62,-3,17,269,80
215,Driving Home for Christmas,Chris Rea,art rock,2007,180,66,50,-9,21,240,80
216,Mutter,Rammstein,alternative metal,2001,116,62,49,-7,13,269,51
217,Pa,Doe Maar,dutch cabaret,2008,129,59,93,-12,11,219,41
218,Blauw,The Scene,belgian rock,2007,135,75,51,-7,14,236,47
219,Spicks And Specks,Bee Gees,adult standards,2001,123,63,65,-7,28,172,47
220,Stan,Eminem,detroit hip hop,2000,80,77,78,-4,52,404,75
221,Beautiful,Christina Aguilera,dance pop,2002,76,57,46,-4,11,239,71
222,Gravity,John Mayer,neo mellow,2006,124,33,76,-10,24,246,75
223,Leave the Light On,Beth Hart,blues rock,2009,142,48,57,-6,10,244,32
224,Ruthless Queen,Kayak,dutch prog,2009,124,46,53,-10,20,291,32
225,Everlong - Acoustic Version,Foo Fighters,alternative metal,2009,144,34,64,-11,11,251,69
226,Here Without You,3 Doors Down,alternative metal,2002,144,55,54,-7,13,239,75
227,One,Mary J. Blige,dance pop,2005,186,87,34,-3,13,260,61
228,Mijn Houten Hart,De Poema's,dutch pop,2003,70,59,43,-6,9,259,45
229,Mad World (Feat. Michael Andrews),Gary Jules,neo mellow,2002,174,6,35,-17,10,190,70
230,Sinds 1 Dag Of 2 (32 Jaar),Doe Maar,dutch cabaret,2008,114,60,88,-11,14,201,53
231,Feeling Good,Michael Bublé,adult standards,2005,115,55,54,-7,12,237,64
232,The Wall Street Shuffle,10cc,album rock,2004,98,50,52,-11,11,242,46
233,Song 2,Blur,alternative rock,2000,130,71,66,-7,7,122,64
234,I Would Stay,Krezip,dutch indie,2000,95,26,47,-11,12,232,55
235,Piano Man,Billy Joel,album rock,2001,179,47,33,-9,32,336,70
236,Fireflies,Owl City,pop,2009,180,66,51,-7,12,228,79
237,Lost,Anouk,dutch indie,2004,90,25,52,-10,14,222,51
238,Woman,Wolfmother,alternative rock,2006,113,95,22,-4,16,176,62
239,Where Is The Love?,The Black Eyed Peas,dance pop,2003,94,70,83,-3,13,273,66
240,Yellow,Coldplay,permanent wave,2000,173,66,43,-7,23,267,82
241,This Is The Life,Amy Macdonald,scottish singer-songwriter,2007,95,88,62,-5,7,184,41
242,Wicked Game,Chris Isaak,mellow gold,2006,113,55,67,-8,9,287,70
243,Breakeven,The Script,celtic rock,2008,94,70,63,-5,8,261,74
244,Not An Addict,K's Choice,alternative pop,2009,169,65,26,-7,12,288,43
245,So Incredible,Ilse DeLange,dutch americana,2008,104,86,54,-6,72,177,54
246,Mr Rock & Roll,Amy Macdonald,scottish singer-songwriter,2007,111,87,60,-5,11,215,30
247,Will You Be There - Single Version,Michael Jackson,pop,2005,83,63,41,-7,8,220,53
248,Vlinder,Rowwen Hèze,carnaval limburg,2003,175,79,35,-5,38,231,33
249,Cambodia,Kim Wilde,dance pop,2006,111,57,70,-8,11,236,51
250,Back To Black,Amy Winehouse,british soul,2006,123,73,49,-3,10,240,77
251,Dochters,Marco Borsato,dutch cabaret,2008,128,52,64,-10,11,270,57
252,Hocus Pocus,Focus,album rock,2001,184,82,26,-6,28,403,53
253,Mensch,Herbert Grönemeyer,german pop,2008,174,78,68,-6,8,270,47
254,Amsterdam,Coldplay,permanent wave,2002,73,18,26,-10,12,319,57
255,Time Is Running Out,Muse,modern rock,2004,118,84,59,-6,9,237,69
256,Rain Down on Me,Kane,dutch pop,2003,133,88,46,-3,11,247,47
257,Denis,Blondie,candy pop,2006,139,77,53,-7,6,139,42
258,Hometown Glory,Adele,british soul,2008,123,34,45,-9,10,269,59
259,Live And Let Die - Live,Paul McCartney,album rock,2003,150,93,24,-3,97,185,60
260,I Still Cry,Ilse DeLange,dutch americana,2000,98,35,54,-9,13,274,30
261,Ren Lenny Ren,Acda en de Munnik,dutch cabaret,2002,110,87,51,-5,33,233,43
262,In My Place,Coldplay,permanent wave,2002,145,59,43,-5,30,227,70
263,Numb,Linkin Park,alternative metal,2003,110,86,50,-4,64,186,81
264,Slow Dancing in a Burning Room,John Mayer,neo mellow,2006,134,36,67,-9,8,242,76
265,Empire State Of Mind,JAY-Z,east coast hip hop,2009,174,96,49,-2,46,277,77
266,Drops of Jupiter,Train,dance pop,2001,79,64,47,-6,15,260,77
267,Omarm,BLØF,dutch pop,2003,184,44,27,-9,10,252,46
268,(What A) Wonderful World,Sam Cooke,adult standards,2000,129,51,69,-10,46,125,71
269,Teardrops,Womack & Womack,disco,2001,133,72,87,-10,18,229,61
270,The Rising,Bruce Springsteen,classic rock,2002,110,76,50,-6,9,287,53
271,Snow (Hey Oh),Red Hot Chili Peppers,alternative rock,2006,105,90,43,-4,12,335,80
272,I Don't Wanna Hurt,Anouk,dutch indie,2007,79,48,48,-7,10,213,46
273,Ordinary People,John Legend,neo mellow,2005,67,13,47,-14,9,281,69
274,Iedereen Is Van De Wereld,The Scene,belgian rock,2007,118,73,45,-7,29,228,50
275,Gold,Spandau Ballet,dance rock,2000,143,74,71,-8,10,231,66
276,All Night Long (All Night) - Single Version,Lionel Richie,adult standards,2003,109,58,74,-12,5,260,64
277,Can't Stop Loving You - 2016 Remaster,Phil Collins,mellow gold,2002,100,78,60,-6,11,256,62
278,City Of Blinding Lights,U2,irish rock,2004,139,77,44,-4,11,346,60
279,Munich,Editors,alternative dance,2005,149,88,18,-4,32,226,61
280,Hey Ya!,OutKast,atl hip hop,2003,80,97,73,-2,18,235,79
281,There Must Be an Angel (Playing with My Heart),Eurythmics,dance pop,2005,112,78,58,-5,8,281,40
282,Laat Me / Vivre - Lange Versie,Alderliefste met Ramses Shaffy en Liesbeth List,dutch pop,2005,81,41,66,-9,16,386,43
283,Watskeburt?!,De Jeugd Van Tegenwoordig,dutch hip hop,2008,130,49,95,-8,23,376,55
284,Feel,Robbie Williams,dance pop,2002,98,73,60,-7,14,264,72
285,Lady Jane - (Original Single Mono Version),The Rolling Stones,album rock,2004,205,47,38,-12,9,190,34
286,La Isla Bonita,Madonna,dance pop,2009,100,83,71,-5,6,243,66
287,Go Like Elijah,Chi Coltrane,alternative pop rock,2009,134,88,63,-5,17,242,40
288,Chop Suey!,System Of A Down,alternative metal,2001,127,93,42,-4,13,210,80
289,Sorry - (Live in Tivoli),Kyteman,dutch indie,2009,68,47,35,-9,66,150,47
290,Black or White - Single Version,Michael Jackson,pop,2005,115,89,74,-4,9,203,64
291,Shut Your Eyes,Snow Patrol,irish rock,2006,125,74,69,-6,8,197,42
292,Ironic,Alanis Morissette,alternative rock,2005,171,64,46,-6,19,229,62
293,I Bet You Look Good On The Dancefloor,Arctic Monkeys,garage rock,2006,103,95,54,-4,38,174,58
294,Hurt,Johnny Cash,arkansas country,2002,90,39,53,-8,9,217,75
295,Vogue,Madonna,dance pop,2009,116,88,74,-6,42,317,66
296,If I Were a Boy,Beyoncé,dance pop,2008,90,52,63,-6,35,249,68
297,Dyna-Mite,Mud,classic uk pop,2005,141,92,58,-5,20,177,40
298,Une Belle Histoire (Een Mooi Verhaal),Alderliefste,dutch pop,2008,87,68,57,-8,18,268,38
299,Sandstorm - Radio Edit,Darude,eurodance,2007,136,98,54,-8,8,225,61
300,Right Next Door (Because Of Me),Robert Cray,blues,2002,87,65,61,-8,5,259,52
301,Hald Mich 'S Vas,Neet Oét Lottum,carnaval limburg,2004,179,54,29,-8,12,251,39
302,Like a Prayer,Madonna,dance pop,2009,111,84,62,-5,18,343,71
303,Rockin' All Over The World,Status Quo,album rock,2005,131,96,62,-5,51,217,47
304,Blue Hotel,Chris Isaak,mellow gold,2006,149,81,52,-4,12,192,42
305,Dear Mr. President,P!nk,dance pop,2009,128,30,48,-9,11,281,43
306,Stiekem Gedanst,Toontje Lager,dutch rock,2008,96,63,66,-10,60,215,53
307,Human,The Killers,modern rock,2008,135,80,56,-8,9,245,73
308,Lady Madonna - Remastered 2015,The Beatles,british invasion,2000,110,78,65,-5,22,137,63
309,Both Sides Now,Joni Mitchell,canadian folk,2000,78,14,26,-14,10,345,65
310,God Is a DJ,Faithless,big beat,2005,131,90,61,-7,17,209,57
311,Viva La Vida,Coldplay,permanent wave,2008,138,62,49,-7,11,242,78
312,Kids,MGMT,alternative dance,2007,123,93,45,-4,36,303,76
313,Bend & Break,Keane,modern rock,2004,138,84,47,-4,16,220,43
314,We Can Work It Out - Remastered 2015,The Beatles,british invasion,2000,106,68,38,-9,18,136,63
315,Sing for Absolution,Muse,modern rock,2004,170,68,44,-7,9,295,57
316,Superstition - Single Version,Stevie Wonder,adult standards,2002,100,63,63,-12,4,245,77
317,Vertigo,U2,irish rock,2004,140,82,42,-4,15,194,65
318,By the Way,Red Hot Chili Peppers,alternative rock,2002,122,97,45,-5,10,217,74
319,Hey Jude,The Beatles,british invasion,2006,74,63,46,-7,40,239,63
320,November,Rowwen Hèze,carnaval limburg,2005,186,40,32,-9,22,296,35
321,Geef Mij Je Angst,Guus Meeuwis,dutch pop,2006,81,56,37,-11,97,224,54
322,Stuck In The Middle With You,Stealers Wheel,classic rock,2009,124,56,80,-10,6,204,72
323,Het Regent Zonnestralen,Acda en de Munnik,dutch cabaret,2005,108,75,62,-6,11,226,57
324,Violet Hill,Coldplay,permanent wave,2008,76,58,35,-8,12,223,61
325,Dog Days Are Over,Florence + The Machine,art pop,2009,150,81,49,-5,12,252,69
326,Beautiful Day,U2,irish rock,2000,136,93,54,-6,36,246,63
327,Major Tom,Peter Schilling,german pop,2005,164,54,78,-6,22,274,48
328,An End Has a Start,Editors,alternative dance,2007,150,92,35,-2,34,226,53
329,Lost!,Coldplay,permanent wave,2008,87,78,36,-8,38,236,53
330,What It Is,Mark Knopfler,classic rock,2000,122,67,63,-7,28,298,43
331,Blue Monday - 2016 Remaster,New Order,alternative rock,2005,130,70,79,-10,8,451,73
332,Behind Blue Eyes,Limp Bizkit,alternative metal,2003,120,49,60,-7,12,270,72
333,Rehab,Amy Winehouse,british soul,2006,72,87,43,-3,40,214,74
334,Bird of Paradise,Snowy White,blues rock,2003,144,44,47,-11,32,281,52
335,I'm Yours,Jason Mraz,acoustic pop,2008,151,46,69,-8,11,242,82
336,Onderweg,Abel,dutch rock,2000,98,68,62,-6,8,190,59
337,Mr. Bojangles - Single Version,Sammy Davis Jr.,adult standards,2002,117,18,54,-13,11,343,56
338,Unwritten,Natasha Bedingfield,dance pop,2004,100,80,71,-6,8,259,76
339,Resistance,Muse,modern rock,2009,135,77,47,-7,11,347,63
340,Bedshaped,Keane,modern rock,2004,75,41,33,-7,10,276,41
341,Mia,Gorki,belgian rock,2002,114,30,70,-17,10,332,52
342,You Oughta Know,Alanis Morissette,alternative rock,2005,105,86,64,-7,87,250,52
343,Overcome,Live,alternative metal,2001,146,40,38,-7,10,256,49
344,Stand My Ground,Within Temptation,dutch metal,2004,88,87,25,-4,12,268,56
345,Chasing Cars,Snow Patrol,irish rock,2006,104,59,56,-5,13,268,78
346,Dani California,Red Hot Chili Peppers,alternative rock,2006,96,91,56,-2,35,282,76
347,Unfinished Sympathy,Massive Attack,big beat,2006,114,89,59,-6,51,312,53
348,Nine Million Bicycles,Katie Melua,uk pop,2005,82,25,53,-16,12,197,61
349,You're Beautiful,James Blunt,neo mellow,2005,82,48,68,-10,9,209,76
350,It's My Life,Bon Jovi,glam metal,2000,120,91,55,-4,35,224,77
351,Politik,Coldplay,permanent wave,2002,171,48,26,-8,11,319,62
352,Mooie Dag,BLØF,dutch pop,2002,85,58,50,-11,14,279,40
353,In Nije Dei,De Kast,dutch pop,2004,130,49,41,-9,96,296,38
354,Sex on Fire,Kings of Leon,modern rock,2008,153,91,54,-6,14,203,79
355,Hallelujah,Lisa Lois,dutch pop,2009,182,24,19,-13,11,226,49
356,Somewhere Only We Know,Keane,modern rock,2004,172,66,45,-4,8,236,67
357,Sunrise,Simply Red,british soul,2004,106,73,79,-5,10,200,55
358,How You Remind Me,Nickelback,alternative metal,2001,172,76,45,-5,10,224,78
359,When You Say Nothing At All,Ronan Keating,dance pop,2000,174,45,46,-11,8,257,74
360,Hard Sun,Eddie Vedder,permanent wave,2007,143,83,44,-7,32,322,66
361,Belfast Child,Simple Minds,art rock,2008,81,39,14,-13,10,404,43
362,Feel Good Inc.,Gorillaz,alternative hip hop,2005,139,71,82,-7,61,223,80
363,Alles Is Liefde,BLØF,dutch pop,2007,144,77,51,-6,17,210,36
364,Jerusalem,Anouk,dutch indie,2004,132,84,61,-7,8,236,40
365,Mr Bojangles,Robbie Williams,dance pop,2001,137,33,51,-11,18,198,58
366,Tranen Gelachen,Guus Meeuwis,dutch pop,2007,186,54,30,-8,12,203,50
367,When The Sun Goes Down,Arctic Monkeys,garage rock,2006,169,88,35,-5,12,202,57
368,Frozen,Madonna,dance pop,2009,108,74,59,-8,18,379,55
369,The Racing Rats,Editors,alternative dance,2007,153,84,32,-4,8,258,43
370,Poker Face,Lady Gaga,dance pop,2008,119,81,85,-5,12,237,69
371,Life in Technicolor ii,Coldplay,permanent wave,2008,131,91,47,-7,25,245,47
372,One,Johnny Cash,arkansas country,2000,94,50,51,-8,39,232,47
373,Ruby,Kaiser Chiefs,alternative rock,2007,93,93,44,-3,8,203,62
374,Het Land Van,Lange Frans,dutch hip hop,2005,83,53,66,-9,14,230,49
375,Bad Romance,Lady Gaga,dance pop,2009,119,92,70,-4,8,295,79
376,Elevation,U2,irish rock,2000,110,80,58,-8,5,226,49
377,Trouble,Coldplay,permanent wave,2000,140,55,56,-7,17,273,71
378,De Peel In Brand,Rowwen Hèze,carnaval limburg,2005,199,36,28,-13,14,205,33
379,Black Betty,Ram Jam,album rock,2005,117,73,49,-9,16,236,61
380,Wrong,Novastar,belgian rock,2000,90,66,54,-8,55,214,48
381,Never Be Clever,Herman Brood & His Wild Romance,dutch indie,2001,138,89,56,-5,32,183,41
382,Undisclosed Desires,Muse,modern rock,2009,116,59,68,-7,8,235,65
383,Auto Vliegtuug,Rowwen Hèze,carnaval limburg,2005,96,52,32,-7,16,238,34
384,Meer Dan Een Ander,Van Dik Hout,dutch cabaret,2009,94,18,56,-13,7,223,34
385,Brabant,Guus Meeuwis,dutch pop,2002,82,47,41,-7,10,210,61
386,Mother Earth,Within Temptation,dutch metal,2003,105,59,43,-6,24,330,45
387,One More Time,Daft Punk,electro,2001,123,70,61,-9,33,320,75
388,(You're The) Devil in Disguise,Elvis Presley,adult standards,2002,123,73,48,-8,11,140,65
389,TRUE - Single Edit,Spandau Ballet,dance rock,2008,97,55,74,-9,6,328,72
390,Make It Wit Chu,Queens of the Stone Age,alternative metal,2007,92,81,70,-5,13,290,59
391,Bring Me To Life,Evanescence,alternative metal,2003,95,94,33,-3,24,236,78
392,Clocks,Coldplay,permanent wave,2002,131,75,58,-7,18,308,76
393,Farewell To The Fairground,White Lies,alternative dance,2009,118,77,53,-5,12,257,54
394,Bliss,Muse,modern rock,2001,128,80,45,-9,11,251,46
395,Kijk Omhoog,Nick & Simon,dutch pop,2007,166,56,41,-5,19,176,48
396,9 Crimes,Damien Rice,acoustic pop,2006,74,17,33,-13,9,219,57
397,Working On a Dream,Bruce Springsteen,classic rock,2009,110,77,56,-7,22,209,48
398,Nutbush City Limits,Ike & Tina Turner,brill building pop,2008,77,89,69,-6,3,182,56
399,Do They Know It's Christmas? - 1984 Version,Band Aid,electro,2004,115,64,60,-7,10,223,84
400,Changes,2Pac,g funk,2007,111,66,87,-7,14,269,72
401,Mag Ik Dan Bij Jou,Claudia De Breij,dutch cabaret,2010,132,29,54,-10,71,206,53
402,Sterrenstof,De Jeugd Van Tegenwoordig,dutch hip hop,2010,97,79,71,-4,20,221,48
403,Love Will Tear Us Apart - 2010 Remaster,Joy Division,alternative rock,2010,147,90,53,-9,14,205,64
404,Mag Het Licht Uit,De Dijk,dutch indie,2010,113,42,74,-10,10,259,43
405,Why Tell Me Why,Anita Meyer,dutch pop,2010,112,77,65,-6,59,214,54
406,Wonderful Days,Charly Lownoise,happy hardcore,2010,174,92,55,-11,99,332,37
407,Dat Komt Door Jou,Guus Meeuwis,dutch pop,2010,134,53,59,-10,12,287,57
408,Don't Give up the Fight,Racoon,dutch indie,2010,91,30,28,-13,12,210,27
409,I Follow Rivers - Live @ Giel!,Triggerfinger,belgian rock,2010,110,41,67,-9,3,214,42
410,Liverpool Rain,Racoon,dutch indie,2010,183,50,45,-7,11,266,26
411,No Mercy,Racoon,dutch indie,2010,104,57,77,-6,11,165,36
412,Peter Gunn Theme,"Emerson, Lake & Palmer",album rock,2010,131,83,43,-7,92,217,14
413,Alors on danse,Stromae,belgian pop,2010,120,59,79,-9,7,206,61
414,The Eve of the War,Jeff Wayne,classic uk pop,2010,127,59,40,-9,11,263,28
415,A Night Like This,Caro Emerald,dutch pop,2010,123,71,87,-6,10,226,40
416,Raise Your Glass,P!nk,dance pop,2010,122,71,70,-5,3,203,76
417,Verdammt ich lieb dich - Remastered,Matthias Reim,classic schlager,2010,100,80,59,-7,9,220,38
418,Christmas Lights,Coldplay,permanent wave,2010,131,42,31,-9,8,242,84
419,The Promise You Made,Cock Robin,dance rock,2010,117,41,71,-14,15,227,48
420,Back Home,Golden Earring,album rock,2010,123,84,47,-6,10,232,37
421,Times Are Changing,DI-RECT,dutch indie,2010,123,81,50,-6,15,206,47
422,Proosten,Guus Meeuwis,dutch pop,2010,136,65,64,-6,12,232,49
423,Just the Way You Are,Bruno Mars,dance pop,2010,109,84,64,-5,9,221,80
424,Need You Now,Lady Antebellum,contemporary country,2010,108,72,58,-4,24,236,53
425,Man Down,Rihanna,barbadian pop,2010,156,91,48,-4,5,267,59
426,Pyro,Kings of Leon,modern rock,2010,115,61,37,-7,10,251,66
427,You Got It,Roy Orbison,adult standards,2010,115,59,66,-12,31,204,44
428,Atmosphere - 2010 Remaster,Joy Division,alternative rock,2010,120,39,62,-12,12,249,51
429,Grenade,Bruno Mars,dance pop,2010,110,56,71,-7,12,223,75
430,Have You Ever Been Mellow,Party Animals,gabba,2010,172,96,60,-4,25,188,47
431,Back Down South,Kings of Leon,modern rock,2010,117,62,48,-7,26,241,58
432,Riverside,Agnes Obel,chamber pop,2010,99,19,65,-14,13,231,48
433,Hold On Tight,Solomon Burke,brill building pop,2010,89,73,63,-6,16,324,38
434,Someone Like You,Adele,british soul,2011,135,33,56,-8,10,285,79
435,Set Fire to the Rain,Adele,british soul,2011,108,68,61,-4,13,242,75
436,Rainbow In The Sky - K & A's Radio Blast,DJ Paul Elstak,gabba,2011,168,94,48,-7,28,213,60
437,Levels,Avicii,big room,2011,126,83,60,-7,34,339,58
438,Somebody That I Used To Know,Gotye,australian pop,2011,129,50,86,-7,10,245,76
439,Paradise,Coldplay,permanent wave,2011,140,59,45,-7,8,279,78
440,Rood,Marco Borsato,dutch cabaret,2011,138,78,48,-8,8,319,53
441,A Boy Named Sue (Live),Johnny Cash,arkansas country,2011,105,46,52,-16,78,218,18
442,Still Loving You,Scorpions,album rock,2011,104,61,28,-5,10,403,72
443,Little Black Submarines,The Black Keys,alternative rock,2011,95,47,37,-8,11,251,65
444,Walk,Foo Fighters,alternative metal,2011,138,87,23,-5,29,256,69
445,The A Team,Ed Sheeran,pop,2011,85,29,64,-10,18,258,76
446,kom terug,Spinvis,dutch indie,2011,97,73,50,-6,20,231,47
447,Prachtig mooie dag,Daniël Lohues,dutch indie,2011,103,69,55,-4,8,161,42
448,lippy kids,Elbow,britpop,2011,155,20,42,-15,8,366,29
449,Titanium (feat. Sia),David Guetta,dance pop,2011,126,79,60,-4,13,245,67
450,Faster,Within Temptation,dutch metal,2011,120,93,51,-3,14,264,53
451,Lonely Boy,The Black Keys,alternative rock,2011,166,87,36,-8,10,194,73
452,Turning Tables,Adele,british soul,2011,80,45,31,-6,13,250,66
453,Luv U More - K&A's Radio blast,DJ Paul,electro,2011,168,82,51,-11,14,232,51
454,Kan Ik Iets Voor Je Doen,De Dijk,dutch indie,2011,79,73,50,-6,31,200,30
455,Driver's Seat,Sniff 'n' The Tears,classic uk pop,2011,133,80,74,-8,19,239,54
456,Zing Voor Me,Lange Frans,dutch hip hop,2011,82,52,43,-9,22,216,52
457,Every Teardrop Is a Waterfall,Coldplay,permanent wave,2011,118,73,43,-7,17,241,68
458,Waarom Nou Jij,Marco Borsato,dutch cabaret,2011,140,51,44,-8,13,245,40
459,Mijn Vlakke Land,Jacques Brel,chanson,2011,79,33,40,-11,8,173,33
460,Rumour Has It,Adele,british soul,2011,120,75,62,-5,9,221,65
461,Keep Your Head Up,Ben Howard,british singer-songwriter,2011,79,60,51,-9,11,265,66
462,Pumped Up Kicks,Foster The People,indie pop,2011,128,71,73,-6,10,240,84
463,Happiness,Jonathan Jeremiah,dutch indie,2011,89,57,53,-10,13,182,49
464,Give Me Love,Ed Sheeran,pop,2011,116,33,53,-10,11,526,73
465,Gold on the Ceiling,The Black Keys,alternative rock,2011,130,83,51,-5,7,224,69
466,Ni**as In Paris,JAY-Z,east coast hip hop,2011,140,86,79,-6,35,219,77
467,Run the World (Girls),Beyoncé,dance pop,2011,127,90,73,-4,37,236,75
468,I Won' T Let You Down,Road Band,pop,2011,106,35,64,-14,7,233,33
469,Love On Top,Beyoncé,dance pop,2011,94,75,65,-5,60,267,76
470,Lego House,Ed Sheeran,pop,2011,160,64,59,-8,13,185,71
471,Skinny Love,Birdy,neo mellow,2011,166,29,38,-8,12,201,75
472,Dust Bowl,Joe Bonamassa,blues rock,2011,86,75,52,-7,20,273,44
473,Damn Those Eyes,Kane,dutch pop,2011,172,76,34,-7,35,251,39
474,These Days,Foo Fighters,alternative metal,2011,135,66,53,-4,21,298,64
475,Original Sin,INXS,australian rock,2011,132,63,69,-7,6,319,42
476,Terug Naar De Kust,Maggie MacNeal,nederpop,2011,117,45,49,-9,62,266,39
477,Georgia on My Mind,Ray Charles,adult standards,2011,131,32,29,-8,19,215,49
478,Charlie Brown,Coldplay,permanent wave,2011,138,74,43,-7,33,285,67
479,I've Just Lost Somebody,Golden Earring,album rock,2011,88,40,37,-13,8,189,27
480,Skyfall - Full Length,Adele,british soul,2012,76,55,35,-7,11,286,74
481,Zo Stil,BLØF,dutch pop,2012,170,69,57,-7,11,237,54
482,Holiday In Spain,Counting Crows,alternative rock,2012,126,32,65,-11,13,233,56
483,Radioactive,Imagine Dragons,modern rock,2012,136,78,45,-4,67,187,73
484,Video Games - Remastered,Lana Del Rey,art pop,2012,122,26,39,-10,9,282,55
485,Demons,Imagine Dragons,modern rock,2012,90,71,51,-3,33,175,73
486,She,Elvis Costello,art rock,2012,131,28,33,-13,13,188,64
487,Just Give Me a Reason (feat. Nate Ruess),P!nk,dance pop,2012,95,55,78,-7,13,243,81
488,Try,P!nk,dance pop,2012,104,63,67,-7,9,248,73
489,I Will Wait,Mumford & Sons,modern folk rock,2012,131,76,48,-5,31,277,69
490,Home Again,Kensington,dutch pop,2012,142,75,50,-6,35,197,44
491,Tubular Bells,Mike Oldfield,album rock,2012,149,20,28,-17,13,809,31
492,Winter,Tori Amos,art pop,2012,78,20,24,-14,11,345,19
493,Droomland,Andre Hazes,dutch pop,2012,100,47,32,-7,95,208,42
494,Wat Zou Je Doen?,BLØF,dutch pop,2012,184,51,35,-8,71,291,51
495,Madness,Muse,modern rock,2012,180,42,50,-8,11,281,70
496,Sovereign Light Café,Keane,modern rock,2012,123,73,54,-6,16,219,51
497,Can't Hold Us - feat. Ray Dalton,Macklemore & Ryan Lewis,dance pop,2012,146,92,64,-4,9,258,83
498,Lover of the Light,Mumford & Sons,modern folk rock,2012,107,69,30,-7,27,315,57
499,San Quentin,Johnny Cash,arkansas country,2012,84,40,70,-14,90,158,27
500,On Top Of The World,Imagine Dragons,modern rock,2012,100,93,64,-6,9,190,66
501,Flappie,Youp van 't Hek,dutch cabaret,2012,131,24,75,-13,44,206,52
502,Home Again,Michael Kiwanuka,british soul,2012,85,32,52,-11,12,212,51
503,If You Could See Me Now,The Script,celtic rock,2012,100,76,51,-7,14,220,51
504,Hall of Fame,The Script,celtic rock,2012,85,87,42,-4,12,203,70
505,Dodenrit,Drs. P,dutch rock,2012,148,60,51,-14,81,312,34
506,When I Was Your Man,Bruno Mars,dance pop,2012,73,28,61,-9,9,214,82
507,I Won't Give Up,Jason Mraz,acoustic pop,2012,137,30,59,-10,12,240,72
508,Slapeloze Nachten,The Opposites,dutch hip hop,2012,112,65,81,-7,15,229,57
509,One Moment in Time,Whitney Houston,dance pop,2012,155,54,27,-7,10,285,54
510,Zaterdag,BLØF,dutch pop,2012,141,71,75,-10,10,283,41
511,Babel,Mumford & Sons,modern folk rock,2012,80,81,37,-6,8,209,57
512,Hopeless Wanderer,Mumford & Sons,modern folk rock,2012,154,58,27,-8,11,308,58
513,Follow the Sun,Xavier Rudd,australian indie folk,2012,124,39,61,-11,11,255,67
514,Later Als Ik Groter Ben,BLØF,dutch pop,2012,130,73,53,-5,8,205,48
515,Clown,Emeli Sandé,dance pop,2012,119,26,46,-8,11,221,46
516,Stay - Album Version (Edited),Rihanna,barbadian pop,2012,112,31,62,-10,12,241,66
517,Diamonds,Rihanna,barbadian pop,2012,92,71,56,-5,11,225,67
518,It's Time,Imagine Dragons,modern rock,2012,105,88,66,-5,14,238,66
519,Little Talks,Of Monsters and Men,folk-pop,2012,103,76,45,-5,15,267,75
520,Euphoria,Loreen,electropop,2012,132,68,52,-5,6,214,56
521,Oceaan,Racoon,dutch indie,2013,126,34,47,-8,11,165,63
522,Lola Montez,Volbeat,alternative metal,2013,152,88,51,-5,7,268,57
523,Wake Me Up,Avicii,big room,2013,124,78,53,-6,16,247,85
524,Formidable,Stromae,belgian pop,2013,71,63,51,-9,15,214,49
525,Do I Wanna Know?,Arctic Monkeys,garage rock,2013,85,53,55,-8,22,272,82
526,Another Love,Tom Odell,modern rock,2013,123,54,45,-9,9,244,58
527,Hey Brother,Avicii,big room,2013,125,78,55,-5,8,255,78
528,I See Fire,Ed Sheeran,pop,2013,76,5,63,-21,10,301,64
529,This Is What It Feels Like,Armin van Buuren,edm,2013,130,83,55,-5,6,204,65
530,All of Me,John Legend,neo mellow,2013,120,26,42,-7,13,270,86
531,Dansen Op De Vulkaan,De Dijk,dutch indie,2013,151,95,58,-4,4,269,40
532,Witch Doctor,De Staat,dutch indie,2013,145,56,60,-7,5,207,47
533,Diamonds,The Boxer Rebellion,chamber pop,2013,170,75,45,-6,18,243,35
534,Let Her Go,Passenger,folk-pop,2013,75,55,48,-7,10,253,76
535,Papaoutai,Stromae,belgian pop,2013,116,81,73,-7,6,232,55
536,Strong,London Grammar,metropopolis,2013,78,40,57,-11,8,266,49
537,Layla,Derek & The Dominos,album rock,2013,114,93,41,-5,60,163,32
538,Pompeii,Bastille,metropopolis,2013,127,72,68,-6,27,214,70
539,Waves,Mr. Probz,dutch hip hop,2013,174,28,36,-12,38,174,59
540,Get Lucky (feat. Pharrell Williams & Nile Rodgers) - Radio Edit,Daft Punk,electro,2013,116,81,79,-9,10,248,77
541,All I Want,Kodaline,irish pop,2013,86,41,21,-10,8,306,72
542,Addicted To You,Avicii,big room,2013,128,79,57,-4,9,148,69
543,Animals,Martin Garrix,big room,2013,128,87,68,-6,37,304,65
544,Just Say Yes,Snow Patrol,irish rock,2013,108,88,54,-5,3,282,48
545,Watermensen,3JS,dutch pop,2013,144,40,56,-8,11,209,36
546,Sky and Sand,Paul Kalkbrenner,electronica,2013,127,33,79,-13,19,231,67
547,The Monster,Eminem,detroit hip hop,2013,110,85,78,-4,12,250,75
548,Mirrors,Justin Timberlake,dance pop,2013,77,51,57,-7,9,484,77
549,Story of My Life,One Direction,boy band,2013,121,66,60,-6,12,245,80
550,Royals,Lorde,art pop,2013,85,43,67,-10,13,190,79
551,tous les mêmes,Stromae,belgian pop,2013,110,64,70,-9,28,211,53
552,Mijn Van Straat Geredde Roos,De Dijk,dutch indie,2013,81,76,50,-5,26,208,33
553,Love You Like I Love Myself,Herman Brood & His Wild Romance,dutch indie,2013,148,84,52,-7,20,213,28
554,I Sat By The Ocean,Queens of the Stone Age,alternative metal,2013,117,78,52,-4,11,236,66
555,Everybody (Backstreet's Back) - Radio Edit,Backstreet Boys,boy band,2013,108,87,74,-3,27,225,62
556,A Ton of Love,Editors,alternative dance,2013,142,96,46,-4,28,238,26
557,Foolish Games,Jewel,alaska indie,2013,131,22,46,-10,11,243,41
558,Grow Old with Me,Tom Odell,modern rock,2013,146,58,47,-7,25,183,49
559,Things We Lost In The Fire,Bastille,metropopolis,2013,134,92,59,-5,27,241,48
560,Blurred Lines,Robin Thicke,dance pop,2013,120,60,85,-5,8,264,76
561,The Road To Mandalay,Robbie Williams,dance pop,2013,99,68,62,-8,16,240,30
562,Iron Sky,Paolo Nutini,british soul,2014,140,63,39,-7,11,373,49
563,A Sky Full of Stars,Coldplay,permanent wave,2014,125,64,55,-7,22,268,78
564,Rolling In The Deep,Adele,british soul,2014,105,76,73,-5,6,228,61
565,Streets,Kensington,dutch pop,2014,168,77,38,-6,27,185,57
566,Thinking out Loud,Ed Sheeran,pop,2014,79,45,78,-6,18,282,84
567,Take Me to Church,Hozier,irish singer-songwriter,2014,129,66,57,-5,12,242,77
568,Une belle histoire,Michel Fugain,chanson,2014,83,58,27,-9,37,198,40
569,In Your Arms,Chef'Special,dutch indie,2014,93,41,67,-12,11,215,60
570,Born Slippy (Nuxx),Underworld,alternative dance,2014,140,95,58,-9,47,456,65
571,War,Kensington,dutch pop,2014,126,81,64,-6,7,177,59
572,Op 't platteland,Daniël Lohues,dutch indie,2014,80,37,56,-10,9,182,27
573,"Happy - From ""Despicable Me 2""",Pharrell Williams,dance pop,2014,160,82,65,-5,9,233,80
574,Calm After The Storm,The Common Linnets,dutch americana,2014,116,39,69,-11,12,213,52
575,Riddles,Kensington,dutch pop,2014,148,70,49,-8,8,209,52
576,Under The Pressure,The War On Drugs,chamber pop,2014,134,71,33,-7,13,532,60
577,Magic,Coldplay,permanent wave,2014,93,48,74,-9,11,285,73
578,Photograph,Ed Sheeran,pop,2014,108,38,61,-10,10,259,84
579,All For Nothing,Kensington,dutch pop,2014,152,86,46,-6,10,289,47
580,My Silver Lining,First Aid Kit,stomp and holler,2014,102,73,48,-5,21,215,64
581,Zandloper,Typhoon,dutch hip hop,2014,135,72,76,-8,95,280,47
582,Home,Dotan,dutch pop,2014,130,70,76,-9,4,268,42
583,Red Eyes,The War On Drugs,chamber pop,2014,162,82,46,-6,16,299,65
584,L'amour Toujours (Small Mix),Gigi D'Agostino,eurodance,2014,139,88,64,-4,36,242,70
585,"See Me, Feel Me - Single Version",The Who,album rock,2014,94,34,38,-11,8,217,39
586,Hemel Valt,Typhoon,dutch hip hop,2014,97,74,66,-7,33,161,43
587,Glycerine,Bush,alternative metal,2014,114,34,44,-11,10,266,65
588,Wit Licht,Jeroen van Koningsbrugge,pop,2014,146,69,59,-7,10,212,43
589,Yellow Submarine,The Beatles,british invasion,2014,111,64,62,-7,52,159,58
590,California Love,2Pac,g funk,2014,92,88,66,-3,69,348,41
591,Superheroes,The Script,celtic rock,2014,167,89,49,-4,7,245,75
592,Stay With Me,Sam Smith,pop,2014,84,42,42,-6,11,173,84
593,Shake It Off,Taylor Swift,dance pop,2014,160,80,65,-5,33,219,66
594,Looking Too Closely,Fink,chamber pop,2014,175,52,48,-12,9,311,63
595,No Good in Goodbye,The Script,celtic rock,2014,156,87,37,-5,8,308,59
596,Counting Stars,OneRepublic,dance pop,2014,122,71,66,-5,12,258,74
597,Time After Time,Cyndi Lauper,dance pop,2014,130,44,72,-9,9,243,72
598,Sexy Als Ik Dans,Nielson,dutch pop,2014,94,54,79,-7,20,215,49
599,Done With It,Kensington,dutch pop,2014,116,78,65,-7,10,203,49
600,Love Never Felt So Good,Michael Jackson,pop,2014,118,72,78,-6,7,246,70
601,Shut Up and Dance,WALK THE MOON,indie pop,2014,128,87,58,-4,26,199,82
602,Nothing Really Matters,Mr. Probz,dutch hip hop,2014,135,23,40,-9,11,222,61
603,Promises of No Man's Land,Blaudzun,dutch indie,2014,124,85,62,-6,24,215,43
604,Let It Go,James Bay,neo mellow,2014,147,31,55,-10,11,261,74
605,The Sound of Silence,Disturbed,alternative metal,2015,86,28,32,-9,10,248,75
606,Het Dorp - Live,Wim Sonneveld,dutch cabaret,2015,114,44,37,-15,67,198,15
607,Psycho,Muse,modern rock,2015,125,88,56,-3,87,317,69
608,Élan,Nightwish,finnish metal,2015,128,58,57,-9,14,287,58
609,Dat Ik Je Mis,Maaike Ouboter,dutch pop,2015,174,13,50,-13,10,256,29
610,Heading Up High,Armin van Buuren,edm,2015,128,93,52,-5,11,233,53
611,Zeg Maar Niets Meer - Remastered,Andre Hazes,dutch pop,2015,95,79,36,-8,91,167,26
612,Chandelier,Sia,australian dance,2015,117,79,40,-3,7,216,71
613,Uptown Funk,Mark Ronson,dance pop,2015,115,61,86,-7,3,270,82
614,Birds,Anouk,dutch indie,2015,85,41,17,-8,11,203,33
615,Michel,Anouk,dutch indie,2015,122,39,58,-8,9,249,20
616,Let It Happen,Tame Impala,australian psych,2015,125,88,60,-6,11,468,76
617,Everglow,Coldplay,permanent wave,2015,146,45,54,-9,11,283,69
618,The Less I Know The Better,Tame Impala,australian psych,2015,117,74,64,-4,17,216,85
619,Ordinary Love,U2,irish rock,2015,121,48,66,-9,18,219,45
620,Stressed Out,Twenty One Pilots,modern rock,2015,170,64,73,-6,6,202,83
621,For Bitter Or Worse,Anouk,dutch indie,2015,83,41,27,-8,12,255,21
622,All I Need - Edit,Air,downtempo,2015,95,42,50,-12,20,242,41
623,Hymn for the Weekend,Coldplay,permanent wave,2015,90,74,49,-5,30,259,78
624,Adventure of a Lifetime,Coldplay,permanent wave,2015,112,92,64,-4,15,264,74
625,Three Days In A Row,Anouk,dutch indie,2015,171,50,36,-6,16,254,13
626,Moondance,Van Morrison,classic rock,2015,135,33,65,-11,22,272,42
627,R U Kiddin' Me,Anouk,dutch indie,2015,89,82,53,-6,9,200,16
628,"Theme From New York, New York",Frank Sinatra,adult standards,2015,109,59,41,-5,28,204,68
629,Hold Me,Douwe Bob,dutch americana,2015,161,38,35,-8,15,230,26
630,Budapest,George Ezra,folk-pop,2015,128,46,72,-8,11,201,68
631,Shoes of Lightning,Racoon,dutch indie,2015,78,40,54,-8,11,220,32
632,Mercy,Muse,modern rock,2015,130,93,48,-5,31,232,60
633,Tennessee Whiskey,Chris Stapleton,contemporary country,2015,49,37,39,-11,8,293,78
634,"Oxygene, Pt. 4",Jean-Michel Jarre,laboratorio,2015,189,76,43,-8,55,247,57
635,A Head Full of Dreams,Coldplay,permanent wave,2015,123,92,45,-5,33,224,68
636,We Come 1 - Radio Edit,Faithless,big beat,2015,136,90,65,-11,15,222,54
637,Forever Man - 2015 Remaster,Eric Clapton,album rock,2015,111,90,64,-6,17,192,46
638,Down Man,Brainbox,dutch prog,2015,168,76,43,-9,10,155,35
639,Liquid Spirit - Claptone Remix,Gregory Porter,contemporary vocal jazz,2015,121,62,88,-9,5,384,63
640,Living Doll - 2003 Remaster,Cliff Richard & The Drifters,rock-and-roll,2015,127,47,76,-7,10,157,33
641,Ocean of Night,Editors,alternative dance,2015,106,67,57,-10,11,305,58
642,Be the One,Dua Lipa,dance pop,2015,87,65,66,-4,6,203,73
643,Up&Up,Coldplay,permanent wave,2015,164,72,48,-5,10,405,70
644,Ship To Wreck,Florence + The Machine,art pop,2015,142,92,56,-4,28,235,54
645,Love Yourself,Justin Bieber,canadian pop,2015,100,38,61,-10,28,234,83
646,Happy Xmas (War Is Over),John Lennon,album rock,2015,147,68,40,-6,68,212,47
647,Sorry,Kensington,dutch pop,2016,134,41,46,-8,10,227,63
648,Cold Little Heart,Michael Kiwanuka,british soul,2016,108,40,49,-8,14,598,67
649,Barcelona,Freddie Mercury,glam rock,2016,170,46,18,-9,9,267,40
650,Leef,André Hazes Jr.,dutch pop,2016,121,73,67,-7,18,218,62
651,Hello,Adele,british soul,2016,158,45,48,-6,9,295,73
652,Against All Odds (Take a Look at Me Now) - 2016 Remaster,Phil Collins,mellow gold,2016,116,50,58,-7,13,206,74
653,Treur Niet (Ode Aan Het Leven),Diggy Dex,dutch hip hop,2016,98,72,68,-9,13,225,60
654,When We Were Young,Adele,british soul,2016,144,59,38,-6,9,291,73
655,Do I Ever,Kensington,dutch pop,2016,163,79,39,-6,40,204,53
656,"CAN'T STOP THE FEELING! (Original Song from DreamWorks Animation's ""TROLLS"")",Justin Timberlake,dance pop,2016,113,83,67,-6,10,238,75
657,Whatever You Want,Status Quo,album rock,2016,123,55,55,-11,18,242,36
658,Lazarus,David Bowie,album rock,2016,130,70,66,-7,9,382,61
659,Million Years Ago,Adele,british soul,2016,106,27,72,-8,11,227,62
660,Dark Necessities,Red Hot Chili Peppers,alternative rock,2016,92,74,70,-7,11,302,74
661,You Want It Darker,Leonard Cohen,canadian folk,2016,109,33,67,-17,8,284,63
662,Bridges,Kensington,dutch pop,2016,150,83,38,-7,7,220,49
663,Once Upon a Time in the West - Main Theme,Ennio Morricone,classic soundtrack,2016,90,21,12,-11,13,223,54
664,Mooi,Marco Borsato,dutch cabaret,2016,150,43,49,-8,12,315,59
665,I Just Can't Help Believin',Elvis Presley,adult standards,2016,142,66,46,-8,9,274,44
666,Love & Hate,Michael Kiwanuka,british soul,2016,170,49,28,-8,17,427,66
667,New Gold Dream (81/82/83/84),Simple Minds,art rock,2016,123,75,59,-11,34,339,44
668,Disco Inferno,The Trammps,disco,2016,130,70,68,-9,14,214,54
669,Someone Somewhere (In Summertime),Simple Minds,art rock,2016,100,53,56,-11,11,278,41
670,24K Magic,Bruno Mars,dance pop,2016,107,80,82,-4,15,226,78
671,Blackstar,David Bowie,album rock,2016,98,55,37,-8,18,598,55
672,Water Under the Bridge,Adele,british soul,2016,95,84,60,-7,11,240,67
673,All I Ask,Adele,british soul,2016,142,28,59,-5,15,272,70
674,The Life I Live,Q'65,dutch prog,2016,131,46,60,-12,22,204,27
675,We All Stand Together - Remastered 2016,Paul McCartney,album rock,2016,72,26,35,-12,13,265,24
676,Heathens,Twenty One Pilots,modern rock,2016,90,40,73,-9,11,196,81
677,Jacob’s Song,Douwe Bob,dutch americana,2016,74,51,36,-8,16,318,40
678,Way Down We Go,KALEO,icelandic indie,2016,163,51,49,-8,10,214,76
679,7 Years,Lukas Graham,danish pop,2016,120,47,77,-6,39,237,80
680,Forbidden Colours,Ryuichi Sakamoto,compositional ambient,2016,105,24,61,-17,25,290,28
681,The Book Of Love,Gavin James,neo mellow,2016,108,7,52,-14,13,177,34
682,Zoutelande - feat. Geike,BLØF,dutch pop,2017,129,64,67,-7,14,223,41
683,Pokémon Theme-New Studio Recording,Jason Paige,pop,2017,145,91,57,-5,14,197,41
684,Perfect,Ed Sheeran,pop,2017,95,45,60,-6,11,263,87
685,Thriller,Michael Jackson,pop,2017,118,89,76,-4,85,358,69
686,Boulevard of Broken Dreams,Green Day,modern rock,2017,167,68,50,-4,6,262,74
687,What About Us,P!nk,dance pop,2017,114,59,49,-6,9,270,76
688,Shape of You,Ed Sheeran,pop,2017,96,65,83,-3,9,234,87
689,Believer,Imagine Dragons,modern rock,2017,125,78,78,-4,8,204,88
690,Human,Rag'n'Bone Man,neo soul,2017,75,71,60,-4,17,200,78
691,Het het nog nooit zo donker west,Ede Staal,streektaal,2017,98,21,61,-20,8,274,28
692,Castle on the Hill,Ed Sheeran,pop,2017,135,83,46,-5,14,261,79
693,Sign of the Times,Harry Styles,dance pop,2017,120,60,52,-5,11,341,80
694,In the Blood,John Mayer,neo mellow,2017,80,66,55,-7,10,244,66
695,Nao ’t Zuuje,Lex Uiting,carnaval limburg,2017,190,53,26,-6,5,213,41
696,"Roll Over Lay Down - Live At The Kursaal, Southend / 1975",Status Quo,album rock,2017,132,69,34,-9,34,341,32
697,Whatever It Takes,Imagine Dragons,modern rock,2017,135,66,67,-5,12,201,82
698,Amigo,Chef'Special,dutch indie,2017,145,91,55,-5,35,180,33
699,Iederene Hef Een Reden,Bökkers,dutch rock,2017,108,61,57,-9,10,185,41
700,Everything Now,Arcade Fire,alternative dance,2017,116,87,55,-5,46,303,66
701,Sorry,Nothing But Thieves,alternative pop rock,2017,128,78,67,-5,13,215,62
702,One More Light,Linkin Park,alternative metal,2017,84,20,59,-11,9,255,75
703,Through the Barricades - Remastered,Spandau Ballet,dance rock,2017,146,28,49,-14,12,360,60
704,Freedom! '90 - Remastered,George Michael,dance rock,2017,92,85,68,-11,6,391,69
705,Amsterdam,Nothing But Thieves,alternative pop rock,2017,168,93,51,-5,24,272,63
706,Something Just Like This,The Chainsmokers,electropop,2017,103,64,62,-7,16,247,84
707,Thunder,Imagine Dragons,modern rock,2017,168,82,61,-5,15,187,86
708,Thinking Of A Place,The War On Drugs,chamber pop,2017,103,63,48,-7,12,671,59
709,Happier,Ed Sheeran,pop,2017,90,39,52,-7,14,208,83
710,Galway Girl,Ed Sheeran,pop,2017,100,88,62,-3,33,171,80
711,Sunny Days,Armin van Buuren,edm,2017,115,71,63,-7,14,210,54
712,Supermarket Flowers,Ed Sheeran,pop,2017,90,24,59,-11,9,221,78
713,Holiday,Green Day,modern rock,2017,147,89,55,-3,89,233,67
714,Max,Paolo Conte,italian pop,2017,125,40,50,-9,12,225,25
715,Rapper's Delight,The Sugarhill Gang,east coast hip hop,2017,112,75,91,-10,4,234,48
716,Pain,The War On Drugs,chamber pop,2017,116,83,52,-4,8,331,62
717,Love On The Rocks,Neil Diamond,adult standards,2017,103,31,40,-8,12,262,40
718,Tuesday Afternoon (Forever Afternoon),The Moody Blues,album rock,2017,114,32,50,-13,24,249,50
719,Magnificent (She Says),Elbow,britpop,2017,92,87,51,-7,5,266,31
720,Nicotine,Chef'Special,dutch indie,2017,90,30,64,-10,10,238,36
721,Homesick,Dua Lipa,dance pop,2017,86,22,43,-9,11,230,71
722,Beautiful Trauma,P!nk,dance pop,2017,96,62,41,-6,40,250,68
723,World Gone Mad,Bastille,metropopolis,2017,140,68,51,-3,18,196,64
724,Leave a Light On,Tom Walker,indie anthem-folk,2017,69,62,59,-6,13,186,75
725,Skin,Rag'n'Bone Man,neo soul,2017,171,75,56,-8,15,240,69
726,Lost on You,LP,la pop,2017,174,72,43,-6,9,268,78
727,Shallow,Lady Gaga,dance pop,2018,96,39,57,-6,23,216,88
728,Kleine Jongen,Andre Hazes,dutch pop,2018,91,70,54,-6,10,221,30
729,Duurt Te Lang,Davina Michelle,dutch pop,2018,174,44,64,-14,9,154,68
730,I Want To Break Free,Queen,glam rock,2018,109,41,81,-9,8,223,59
731,September,"Earth, Wind & Fire",disco,2018,126,83,69,-7,25,215,82
732,Voor Haar,Frans Halsema,dutch rock,2018,82,36,28,-12,25,172,30
733,Testament,Boudewijn de Groot,dutch indie,2018,122,40,43,-10,12,195,28
734,Atemlos durch die Nacht,Helene Fischer,german pop,2018,128,78,81,-4,19,220,38
735,Zij Gelooft In Mij,Andre Hazes,dutch pop,2018,152,60,32,-6,25,240,30
736,Verdronken Vlinder,Boudewijn de Groot,dutch indie,2018,128,54,33,-9,21,146,29
737,Als Het Avond Is,Suzan & Freek,dutch pop,2018,105,47,72,-7,11,206,65
738,De Vlieger,Andre Hazes,dutch pop,2018,105,66,40,-7,23,217,27
739,Geef Mij Je Angst,Andre Hazes,dutch pop,2018,140,57,34,-7,42,257,30
740,Natural,Imagine Dragons,modern rock,2018,100,61,70,-6,8,189,84
741,IJskoud,Nielson,dutch pop,2018,98,73,67,-7,37,210,65
742,Welterusten Mijnheer De President,Boudewijn de Groot,dutch indie,2018,131,41,55,-11,24,152,23
743,Jimmy,Boudewijn de Groot,dutch indie,2018,111,74,66,-10,32,236,32
744,Bad Liar,Imagine Dragons,modern rock,2018,178,64,38,-7,37,261,83
745,Sammy,Ramses Shaffy,dutch cabaret,2018,81,49,50,-8,14,135,23
746,High Hopes,Panic! At The Disco,baroque pop,2018,82,90,58,-3,6,191,87
747,Het Land Van Maas En Waal,Boudewijn de Groot,dutch indie,2018,126,60,73,-10,6,179,23
748,Shotgun,George Ezra,folk-pop,2018,116,74,67,-5,24,201,82
749,New Light,John Mayer,neo mellow,2018,124,69,83,-8,8,216,81
750,You Say,Lauren Daigle,ccm,2018,148,63,49,-7,9,275,80
751,Een Beetje Verliefd,Andre Hazes,dutch pop,2018,198,61,30,-7,15,251,32
752,Someone You Loved,Lewis Capaldi,pop,2018,110,41,50,-6,11,182,85
753,Banger Hart - Radio Mix,Rob De Nijs,dutch pop,2018,124,89,77,-9,6,261,16
754,Malle Babbe,Rob De Nijs,dutch pop,2018,87,38,35,-10,12,253,15
755,Vluchten Kan Niet Meer,Frans Halsema,dutch rock,2018,87,25,41,-13,38,221,17
756,Faded,Alan Walker,electro house,2018,180,63,47,-5,11,212,80
757,High On Life (feat. Bonn),Martin Garrix,big room,2018,128,49,41,-6,11,231,78
758,Het Is Koud Zonder Jou,Andre Hazes,dutch pop,2018,197,64,18,-7,12,241,30
759,N Vriend,Andre Hazes,dutch pop,2018,68,58,23,-7,9,292,31
760,Always Remember Us This Way,Lady Gaga,dance pop,2018,130,50,55,-6,76,210,81
761,Een Meisje Van Zestien,Boudewijn de Groot,dutch indie,2018,140,49,57,-11,17,179,20
762,Why Don't You Do Right,Beth Hart,blues rock,2018,106,74,63,-8,17,276,44
763,De Zon Op,Diggy Dex,dutch hip hop,2018,100,57,74,-8,10,209,52
764,Youngblood,5 Seconds of Summer,boy band,2018,120,85,60,-5,12,203,84
765,Prikkebeen,Boudewijn de Groot,dutch indie,2018,109,52,57,-11,13,252,17
766,Outlaw In 'Em,Waylon,dutch americana,2018,87,93,50,-3,37,217,39
767,Als De Rook Om Je Hoofd Is Verdwenen,Boudewijn de Groot,dutch indie,2018,132,71,42,-11,3,205,19
768,Skandal im Sperrbezirk,Spider Murphy Gang,austropop,2018,93,84,64,-8,21,216,26
769,Pain and Misery,The Teskey Brothers,australian americana,2018,89,34,71,-7,16,241,50
770,I Do,Douwe Bob,dutch americana,2018,73,25,49,-11,8,202,52
771,Het Laatste Rondje - Remastered,Andre Hazes,dutch pop,2018,103,76,53,-7,14,258,33
772,Guiding Light,Mumford & Sons,modern folk rock,2018,100,71,55,-8,8,218,60
773,Havana (feat. Young Thug),Camila Cabello,dance pop,2018,105,52,77,-4,13,217,85
774,Hou Vol Hou Vast,BLØF,dutch pop,2018,86,61,51,-5,8,295,12
775,One Kiss (with Dua Lipa),Calvin Harris,dance pop,2018,124,86,79,-3,8,215,86
776,Nothing Breaks Like a Heart (feat. Miley Cyrus),Mark Ronson,dance pop,2018,114,79,60,-6,39,217,79
777,Lay Your Weapons Down,Ilse DeLange,dutch americana,2018,94,68,54,-9,9,219,21
778,In My Blood,Shawn Mendes,canadian pop,2018,140,71,62,-7,13,211,82
779,Roller Coaster,Danny Vera,dutch americana,2019,97,38,40,-10,12,270,70
780,Arcade,Duncan Laurence,dutch pop,2019,72,33,45,-13,14,184,73
781,A Whiter Shade of Pale - Original Single Version,Procol Harum,album rock,2019,150,66,25,-7,9,249,67
782,Don't You (Forget About Me),Simple Minds,art rock,2019,111,75,67,-9,29,261,73
783,The Load-Out - Remastered,Jackson Browne,album rock,2019,106,32,52,-12,13,335,37
784,Stay - Remastered,Jackson Browne,album rock,2019,107,77,60,-8,11,204,36
785,Last Christmas,Wham!,dance rock,2019,108,58,74,-9,18,265,85
786,Time To Give,White Lies,alternative dance,2019,120,83,43,-6,14,455,50
787,bad guy,Billie Eilish,electropop,2019,135,43,70,-11,10,194,95
788,Memories,Maroon 5,pop,2019,91,32,76,-7,8,189,98
789,Love Like Blood,Killing Joke,alternative metal,2019,124,76,40,-8,37,261,37
790,Reünie,Snelle,dutch hip hop,2019,96,35,51,-9,59,172,71
791,About A Girl - Live Version,Nirvana,alternative rock,2019,121,76,61,-9,73,218,50
792,DEUTSCHLAND,Rammstein,alternative metal,2019,120,90,52,-5,10,322,72
793,Phantom Of The Opera,Floor Jansen,dutch pop,2019,132,87,47,-6,25,244,56
794,Dance Monkey,Tones and I,australian pop,2019,98,59,82,-6,15,209,100
795,Blauwe Dag,Suzan & Freek,dutch pop,2019,98,56,70,-7,28,183,68
796,Homburg - Single Version - 2009 Remaster - Mono,Procol Harum,album rock,2019,142,66,36,-8,6,237,32
797,Uncharted,Kensington,dutch pop,2019,139,53,59,-7,29,241,65
798,Despacito,Luis Fonsi,latin,2019,178,80,66,-5,7,229,80
799,Dancing On My Own,Calum Scott,australian pop,2019,113,17,68,-9,10,260,28
,,,,,,,,,,,
,,,,,,,,,,,
,,,,,,,,,,,
,,,,,,,,,,,
,,,,,,,,,,,
,,,,,,,,,,,
,,,,,,,,,,,
,,,,,,,,,,,
,,,,,,,,,,,
,,,,,,,,,,,
,,,,,,,,,,,
,,,,,,,,,,,
,,,,,,,,,,,
,,,,,,,,,,,
,,,,,,,,,,,
,,,,,,,,,,,
,,,,,,,,,,,
,,,,,,,,,,,
,,,,,,,,,,,
,,,,,,,,,,,
,,,,,,,,,,,
,,,,,,,,,,,
,,,,,,,,,,,
,,,,,,,,,,,
,,,,,,,,,,,
,,,,,,,,,,,
,,,,,,,,,,,
,,,,,,,,,,,
,,,,,,,,,,,
,,,,,,,,,,,
,,,,,,,,,,,
,,,,,,,,,,,
,,,,,,,,,,,
,,,,,,,,,,,
,,,,,,,,,,,
,,,,,,,,,,,
,,,,,,,,,,,
,,,,,,,,,,,
,,,,,,,,,,,
,,,,,,,,,,,
,,,,,,,,,,,
,,,,,,,,,,,
,,,,,,,,,,,
,,,,,,,,,,,
,,,,,,,,,,,
,,,,,,,,,,,
,,,,,,,,,,,
,,,,,,,,,,,
,,,,,,,,,,,
,,,,,,,,,,,
,,,,,,,,,,,
,,,,,,,,,,,
,,,,,,,,,,,
,,,,,,,,,,,
,,,,,,,,,,,
,,,,,,,,,,,
,,,,,,,,,,,
,,,,,,,,,,,
,,,,,,,,,,,
,,,,,,,,,,,
,,,,,,,,,,,
,,,,,,,,,,,
,,,,,,,,,,,
,,,,,,,,,,,
,,,,,,,,,,,
,,,,,,,,,,,
,,,,,,,,,,,
,,,,,,,,,,,
,,,,,,,,,,,
,,,,,,,,,,,
,,,,,,,,,,,
,,,,,,,,,,,
,,,,,,,,,,,
,,,,,,,,,,,
,,,,,,,,,,,
,,,,,,,,,,,
,,,,,,,,,,,
,,,,,,,,,,,
,,,,,,,,,,,
,,,,,,,,,,,
,,,,,,,,,,,
,,,,,,,,,,,
,,,,,,,,,,,
,,,,,,,,,,,
,,,,,,,,,,,
,,,,,,,,,,,
,,,,,,,,,,,
,,,,,,,,,,,
,,,,,,,,,,,
,,,,,,,,,,,
,,,,,,,,,,,
,,,,,,,,,,,
,,,,,,,,,,,
,,,,,,,,,,,
,,,,,,,,,,,
,,,,,,,,,,,
,,,,,,,,,,,
,,,,,,,,,,,
,,,,,,,,,,,
,,,,,,,,,,,
,,,,,,,,,,,
,,,,,,,,,,,
,,,,,,,,,,,
,,,,,,,,,,,
,,,,,,,,,,,
,,,,,,,,,,,
,,,,,,,,,,,
,,,,,,,,,,,
,,,,,,,,,,,
,,,,,,,,,,,
,,,,,,,,,,,
,,,,,,,,,,,
,,,,,,,,,,,
,,,,,,,,,,,
,,,,,,,,,,,
,,,,,,,,,,,
,,,,,,,,,,,
,,,,,,,,,,,
,,,,,,,,,,,
,,,,,,,,,,,
,,,,,,,,,,,
,,,,,,,,,,,
,,,,,,,,,,,
,,,,,,,,,,,
,,,,,,,,,,,
,,,,,,,,,,,
,,,,,,,,,,,
,,,,,,,,,,,
,,,,,,,,,,,
,,,,,,,,,,,
,,,,,,,,,,,
,,,,,,,,,,,
,,,,,,,,,,,
,,,,,,,,,,,
,,,,,,,,,,,
,,,,,,,,,,,
,,,,,,,,,,,
,,,,,,,,,,,
,,,,,,,,,,,
,,,,,,,,,,,
,,,,,,,,,,,
,,,,,,,,,,,
,,,,,,,,,,,
,,,,,,,,,,,
,,,,,,,,,,,
,,,,,,,,,,,
,,,,,,,,,,,
,,,,,,,,,,,
,,,,,,,,,,,
,,,,,,,,,,,
,,,,,,,,,,,
,,,,,,,,,,,
,,,,,,,,,,,
,,,,,,,,,,,
,,,,,,,,,,,
,,,,,,,,,,,
,,,,,,,,,,,
,,,,,,,,,,,
,,,,,,,,,,,
,,,,,,,,,,,
,,,,,,,,,,,
,,,,,,,,,,,
,,,,,,,,,,,
,,,,,,,,,,,
,,,,,,,,,,,
,,,,,,,,,,,
,,,,,,,,,,,
,,,,,,,,,,,
,,,,,,,,,,,
,,,,,,,,,,,
,,,,,,,,,,,
,,,,,,,,,,,
,,,,,,,,,,,
,,,,,,,,,,,
,,,,,,,,,,,
,,,,,,,,,,,
,,,,,,,,,,,
,,,,,,,,,,,
,,,,,,,,,,,
,,,,,,,,,,,
,,,,,,,,,,,
,,,,,,,,,,,
,,,,,,,,,,,
,,,,,,,,,,,
,,,,,,,,,,,
,,,,,,,,,,,
,,,,,,,,,,,
,,,,,,,,,,,
,,,,,,,,,,,
,,,,,,,,,,,
,,,,,,,,,,,
,,,,,,,,,,,
,,,,,,,,,,,
,,,,,,,,,,,
,,,,,,,,,,,
,,,,,,,,,,,
,,,,,,,,,,,
,,,,,,,,,,,
,,,,,,,,,,,
,,,,,,,,,,,
,,,,,,,,,,,
,,,,,,,,,,,
,,,,,,,,,,,
,,,,,,,,,,,
,,,,,,,,,,,
,,,,,,,,,,,
,,,,,,,,,,,
,,,,,,,,,,,
,,,,,,,,,,,
,,,,,,,,,,,
,,,,,,,,,,,
,,,,,,,,,,,
,,,,,,,,,,,
,,,,,,,,,,,
,,,,,,,,,,,
,,,,,,,,,,,
,,,,,,,,,,,
,,,,,,,,,,,
,,,,,,,,,,,
,,,,,,,,,,,
,,,,,,,,,,,
,,,,,,,,,,,
,,,,,,,,,,,
,,,,,,,,,,,
,,,,,,,,,,,
,,,,,,,,,,,
,,,,,,,,,,,
,,,,,,,,,,,
,,,,,,,,,,,
,,,,,,,,,,,
,,,,,,,,,,,
,,,,,,,,,,,
,,,,,,,,,,,
,,,,,,,,,,,
,,,,,,,,,,,
,,,,,,,,,,,
,,,,,,,,,,,
,,,,,,,,,,,
,,,,,,,,,,,
,,,,,,,,,,,
,,,,,,,,,,,
,,,,,,,,,,,
,,,,,,,,,,,
,,,,,,,,,,,
,,,,,,,,,,,
,,,,,,,,,,,
,,,,,,,,,,,
,,,,,,,,,,,
,,,,,,,,,,,
,,,,,,,,,,,
,,,,,,,,,,,
,,,,,,,,,,,
,,,,,,,,,,,
,,,,,,,,,,,
,,,,,,,,,,,
,,,,,,,,,,,
,,,,,,,,,,,
,,,,,,,,,,,
,,,,,,,,,,,
,,,,,,,,,,,
,,,,,,,,,,,
,,,,,,,,,,,
,,,,,,,,,,,
,,,,,,,,,,,
,,,,,,,,,,,
,,,,,,,,,,,
,,,,,,,,,,,
,,,,,,,,,,,
,,,,,,,,,,,
,,,,,,,,,,,
,,,,,,,,,,,
,,,,,,,,,,,
,,,,,,,,,,,
,,,,,,,,,,,
,,,,,,,,,,,
,,,,,,,,,,,
,,,,,,,,,,,
,,,,,,,,,,,
,,,,,,,,,,,
,,,,,,,,,,,
,,,,,,,,,,,
,,,,,,,,,,,
,,,,,,,,,,,
,,,,,,,,,,,
,,,,,,,,,,,
,,,,,,,,,,,
,,,,,,,,,,,
,,,,,,,,,,,
,,,,,,,,,,,
,,,,,,,,,,,
,,,,,,,,,,,
,,,,,,,,,,,
,,,,,,,,,,,
,,,,,,,,,,,
,,,,,,,,,,,
,,,,,,,,,,,
,,,,,,,,,,,
,,,,,,,,,,,
,,,,,,,,,,,
,,,,,,,,,,,
,,,,,,,,,,,
,,,,,,,,,,,
,,,,,,,,,,,
,,,,,,,,,,,
,,,,,,,,,,,
,,,,,,,,,,,
,,,,,,,,,,,
,,,,,,,,,,,
,,,,,,,,,,,
,,,,,,,,,,,
,,,,,,,,,,,
,,,,,,,,,,,
,,,,,,,,,,,
,,,,,,,,,,,
,,,,,,,,,,,
,,,,,,,,,,,
,,,,,,,,,,,
,,,,,,,,,,,
,,,,,,,,,,,
,,,,,,,,,,,
,,,,,,,,,,,
,,,,,,,,,,,
,,,,,,,,,,,
,,,,,,,,,,,
,,,,,,,,,,,
,,,,,,,,,,,
,,,,,,,,,,,
,,,,,,,,,,,
,,,,,,,,,,,
,,,,,,,,,,,
,,,,,,,,,,,
,,,,,,,,,,,
,,,,,,,,,,,
,,,,,,,,,,,
,,,,,,,,,,,
,,,,,,,,,,,
,,,,,,,,,,,
,,,,,,,,,,,
,,,,,,,,,,,
,,,,,,,,,,,
,,,,,,,,,,,
,,,,,,,,,,,
,,,,,,,,,,,
,,,,,,,,,,,
,,,,,,,,,,,
,,,,,,,,,,,
,,,,,,,,,,,
,,,,,,,,,,,
,,,,,,,,,,,
,,,,,,,,,,,
,,,,,,,,,,,
,,,,,,,,,,,
,,,,,,,,,,,
,,,,,,,,,,,
,,,,,,,,,,,
,,,,,,,,,,,
,,,,,,,,,,,
,,,,,,,,,,,
,,,,,,,,,,,
,,,,,,,,,,,
,,,,,,,,,,,
,,,,,,,,,,,
,,,,,,,,,,,
,,,,,,,,,,,
,,,,,,,,,,,
,,,,,,,,,,,
,,,,,,,,,,,
,,,,,,,,,,,
,,,,,,,,,,,
,,,,,,,,,,,
,,,,,,,,,,,
,,,,,,,,,,,
,,,,,,,,,,,
,,,,,,,,,,,
,,,,,,,,,,,
,,,,,,,,,,,
,,,,,,,,,,,
,,,,,,,,,,,
,,,,,,,,,,,
,,,,,,,,,,,
,,,,,,,,,,,
,,,,,,,,,,,
,,,,,,,,,,,
,,,,,,,,,,,
,,,,,,,,,,,
,,,,,,,,,,,
,,,,,,,,,,,
,,,,,,,,,,,
,,,,,,,,,,,
,,,,,,,,,,,
,,,,,,,,,,,
,,,,,,,,,,,
,,,,,,,,,,,
,,,,,,,,,,,
,,,,,,,,,,,
,,,,,,,,,,,
,,,,,,,,,,,
,,,,,,,,,,,
,,,,,,,,,,,
,,,,,,,,,,,
,,,,,,,,,,,
,,,,,,,,,,,
,,,,,,,,,,,
,,,,,,,,,,,
,,,,,,,,,,,
,,,,,,,,,,,
,,,,,,,,,,,
,,,,,,,,,,,
,,,,,,,,,,,
,,,,,,,,,,,
,,,,,,,,,,,
,,,,,,,,,,,
,,,,,,,,,,,
,,,,,,,,,,,
,,,,,,,,,,,
,,,,,,,,,,,
,,,,,,,,,,,
,,,,,,,,,,,
,,,,,,,,,,,
,,,,,,,,,,,
,,,,,,,,,,,
,,,,,,,,,,,
,,,,,,,,,,,
,,,,,,,,,,,
,,,,,,,,,,,
,,,,,,,,,,,
,,,,,,,,,,,
,,,,,,,,,,,
,,,,,,,,,,,
,,,,,,,,,,,
,,,,,,,,,,,
,,,,,,,,,,,
,,,,,,,,,,,
,,,,,,,,,,,
,,,,,,,,,,,
,,,,,,,,,,,
,,,,,,,,,,,
,,,,,,,,,,,
,,,,,,,,,,,
,,,,,,,,,,,
,,,,,,,,,,,
,,,,,,,,,,,
,,,,,,,,,,,
,,,,,,,,,,,
,,,,,,,,,,,
,,,,,,,,,,,
,,,,,,,,,,,
,,,,,,,,,,,
,,,,,,,,,,,
,,,,,,,,,,,
,,,,,,,,,,,
,,,,,,,,,,,
,,,,,,,,,,,
,,,,,,,,,,,
,,,,,,,,,,,
,,,,,,,,,,,
,,,,,,,,,,,
,,,,,,,,,,,
,,,,,,,,,,,
,,,,,,,,,,,
,,,,,,,,,,,
,,,,,,,,,,,
,,,,,,,,,,,
,,,,,,,,,,,
,,,,,,,,,,,
,,,,,,,,,,,
,,,,,,,,,,,
,,,,,,,,,,,
,,,,,,,,,,,
,,,,,,,,,,,
,,,,,,,,,,,
,,,,,,,,,,,
,,,,,,,,,,,
,,,,,,,,,,,
,,,,,,,,,,,
,,,,,,,,,,,
,,,,,,,,,,,
,,,,,,,,,,,
,,,,,,,,,,,
,,,,,,,,,,,
,,,,,,,,,,,
,,,,,,,,,,,
,,,,,,,,,,,
,,,,,,,,,,,
,,,,,,,,,,,
,,,,,,,,,,,
,,,,,,,,,,,
,,,,,,,,,,,
,,,,,,,,,,,
,,,,,,,,,,,
,,,,,,,,,,,
,,,,,,,,,,,
,,,,,,,,,,,
,,,,,,,,,,,
,,,,,,,,,,,
,,,,,,,,,,,
,,,,,,,,,,,
,,,,,,,,,,,
,,,,,,,,,,,
,,,,,,,,,,,
,,,,,,,,,,,
,,,,,,,,,,,
,,,,,,,,,,,
,,,,,,,,,,,
,,,,,,,,,,,
,,,,,,,,,,,
,,,,,,,,,,,
,,,,,,,,,,,
,,,,,,,,,,,
,,,,,,,,,,,
,,,,,,,,,,,
,,,,,,,,,,,
,,,,,,,,,,,
,,,,,,,,,,,
,,,,,,,,,,,
,,,,,,,,,,,
,,,,,,,,,,,
,,,,,,,,,,,
,,,,,,,,,,,
,,,,,,,,,,,
,,,,,,,,,,,
,,,,,,,,,,,
,,,,,,,,,,,
,,,,,,,,,,,
,,,,,,,,,,,
,,,,,,,,,,,
,,,,,,,,,,,
,,,,,,,,,,,
,,,,,,,,,,,
,,,,,,,,,,,
,,,,,,,,,,,
,,,,,,,,,,,
,,,,,,,,,,,
,,,,,,,,,,,
,,,,,,,,,,,
,,,,,,,,,,,
,,,,,,,,,,,
,,,,,,,,,,,
,,,,,,,,,,,
,,,,,,,,,,,
,,,,,,,,,,,
,,,,,,,,,,,
,,,,,,,,,,,
,,,,,,,,,,,
,,,,,,,,,,,
,,,,,,,,,,,
,,,,,,,,,,,
,,,,,,,,,,,
,,,,,,,,,,,
,,,,,,,,,,,
,,,,,,,,,,,
,,,,,,,,,,,
,,,,,,,,,,,
,,,,,,,,,,,
,,,,,,,,,,,
,,,,,,,,,,,
,,,,,,,,,,,
,,,,,,,,,,,
,,,,,,,,,,,
,,,,,,,,,,,
,,,,,,,,,,,
,,,,,,,,,,,
,,,,,,,,,,,
,,,,,,,,,,,
,,,,,,,,,,,
,,,,,,,,,,,
,,,,,,,,,,,
,,,,,,,,,,,
,,,,,,,,,,,
,,,,,,,,,,,
,,,,,,,,,,,
,,,,,,,,,,,
,,,,,,,,,,,
,,,,,,,,,,,
,,,,,,,,,,,
,,,,,,,,,,,
,,,,,,,,,,,
,,,,,,,,,,,
,,,,,,,,,,,
,,,,,,,,,,,
,,,,,,,,,,,
,,,,,,,,,,,
,,,,,,,,,,,
,,,,,,,,,,,
,,,,,,,,,,,
,,,,,,,,,,,
,,,,,,,,,,,
,,,,,,,,,,,
,,,,,,,,,,,
,,,,,,,,,,,
,,,,,,,,,,,
,,,,,,,,,,,
,,,,,,,,,,,
,,,,,,,,,,,
,,,,,,,,,,,
,,,,,,,,,,,
,,,,,,,,,,,
,,,,,,,,,,,
,,,,,,,,,,,
,,,,,,,,,,,
,,,,,,,,,,,
,,,,,,,,,,,
,,,,,,,,,,,
,,,,,,,,,,,
,,,,,,,,,,,
,,,,,,,,,,,
,,,,,,,,,,,
,,,,,,,,,,,
,,,,,,,,,,,
,,,,,,,,,,,
,,,,,,,,,,,
,,,,,,,,,,,
,,,,,,,,,,,
,,,,,,,,,,,
,,,,,,,,,,,
,,,,,,,,,,,
,,,,,,,,,,,
,,,,,,,,,,,
,,,,,,,,,,,
,,,,,,,,,,,
,,,,,,,,,,,
,,,,,,,,,,,
,,,,,,,,,,,
,,,,,,,,,,,
,,,,,,,,,,,
,,,,,,,,,,,
,,,,,,,,,,,
,,,,,,,,,,,
,,,,,,,,,,,
,,,,,,,,,,,
,,,,,,,,,,,
,,,,,,,,,,,
,,,,,,,,,,,
,,,,,,,,,,,
,,,,,,,,,,,
,,,,,,,,,,,
,,,,,,,,,,,
,,,,,,,,,,,
,,,,,,,,,,,
,,,,,,,,,,,
,,,,,,,,,,,
,,,,,,,,,,,
,,,,,,,,,,,
,,,,,,,,,,,
,,,,,,,,,,,
,,,,,,,,,,,
,,,,,,,,,,,
,,,,,,,,,,,
,,,,,,,,,,,
,,,,,,,,,,,
,,,,,,,,,,,
,,,,,,,,,,,
,,,,,,,,,,,
,,,,,,,,,,,
,,,,,,,,,,,
,,,,,,,,,,,
,,,,,,,,,,,
,,,,,,,,,,,
,,,,,,,,,,,
,,,,,,,,,,,
,,,,,,,,,,,
,,,,,,,,,,,
,,,,,,,,,,,
,,,,,,,,,,,
,,,,,,,,,,,
,,,,,,,,,,,
,,,,,,,,,,,
,,,,,,,,,,,
,,,,,,,,,,,
,,,,,,,,,,,
,,,,,,,,,,,
,,,,,,,,,,,
,,,,,,,,,,,
,,,,,,,,,,,
,,,,,,,,,,,
,,,,,,,,,,,
,,,,,,,,,,,
,,,,,,,,,,,
,,,,,,,,,,,
,,,,,,,,,,,
,,,,,,,,,,,
,,,,,,,,,,,
,,,,,,,,,,,
,,,,,,,,,,,
,,,,,,,,,,,
,,,,,,,,,,,
,,,,,,,,,,,
,,,,,,,,,,,
,,,,,,,,,,,
,,,,,,,,,,,
,,,,,,,,,,,
,,,,,,,,,,,
,,,,,,,,,,,
,,,,,,,,,,,
,,,,,,,,,,,
,,,,,,,,,,,
,,,,,,,,,,,
,,,,,,,,,,,
,,,,,,,,,,,
,,,,,,,,,,,
,,,,,,,,,,,
,,,,,,,,,,,
,,,,,,,,,,,
,,,,,,,,,,,
,,,,,,,,,,,
,,,,,,,,,,,
,,,,,,,,,,,
,,,,,,,,,,,
,,,,,,,,,,,
,,,,,,,,,,,
,,,,,,,,,,,
,,,,,,,,,,,
,,,,,,,,,,,
,,,,,,,,,,,
,,,,,,,,,,,
,,,,,,,,,,,
,,,,,,,,,,,
,,,,,,,,,,,
,,,,,,,,,,,
,,,,,,,,,,,
,,,,,,,,,,,
,,,,,,,,,,,
,,,,,,,,,,,
,,,,,,,,,,,
,,,,,,,,,,,
,,,,,,,,,,,
,,,,,,,,,,,
,,,,,,,,,,,
,,,,,,,,,,,
,,,,,,,,,,,
,,,,,,,,,,,
,,,,,,,,,,,
,,,,,,,,,,,
,,,,,,,,,,,
,,,,,,,,,,,
,,,,,,,,,,,
,,,,,,,,,,,
,,,,,,,,,,,
,,,,,,,,,,,
,,,,,,,,,,,
,,,,,,,,,,,
,,,,,,,,,,,
,,,,,,,,,,,
,,,,,,,,,,,
,,,,,,,,,,,
,,,,,,,,,,,
,,,,,,,,,,,
,,,,,,,,,,,
,,,,,,,,,,,
,,,,,,,,,,,
,,,,,,,,,,,
,,,,,,,,,,,
,,,,,,,,,,,
,,,,,,,,,,,
,,,,,,,,,,,
,,,,,,,,,,,
,,,,,,,,,,,
,,,,,,,,,,,
,,,,,,,,,,,
,,,,,,,,,,,
,,,,,,,,,,,
,,,,,,,,,,,
,,,,,,,,,,,
,,,,,,,,,,,
,,,,,,,,,,,
,,,,,,,,,,,
,,,,,,,,,,,
,,,,,,,,,,,
,,,,,,,,,,,
,,,,,,,,,,,
,,,,,,,,,,,
,,,,,,,,,,,
,,,,,,,,,,,
,,,,,,,,,,,
,,,,,,,,,,,
,,,,,,,,,,,
,,,,,,,,,,,
,,,,,,,,,,,
,,,,,,,,,,,
,,,,,,,,,,,
,,,,,,,,,,,
,,,,,,,,,,,
,,,,,,,,,,,
,,,,,,,,,,,
,,,,,,,,,,,
,,,,,,,,,,,
,,,,,,,,,,,
,,,,,,,,,,,
,,,,,,,,,,,
,,,,,,,,,,,
,,,,,,,,,,,
,,,,,,,,,,,
,,,,,,,,,,,
,,,,,,,,,,,
,,,,,,,,,,,
,,,,,,,,,,,
,,,,,,,,,,,
,,,,,,,,,,,
,,,,,,,,,,,
,,,,,,,,,,,
,,,,,,,,,,,
,,,,,,,,,,,
,,,,,,,,,,,
,,,,,,,,,,,
,,,,,,,,,,,
,,,,,,,,,,,
,,,,,,,,,,,
,,,,,,,,,,,
,,,,,,,,,,,
,,,,,,,,,,,
,,,,,,,,,,,
,,,,,,,,,,,
,,,,,,,,,,,
,,,,,,,,,,,
,,,,,,,,,,,
,,,,,,,,,,,
,,,,,,,,,,,
,,,,,,,,,,,
,,,,,,,,,,,
,,,,,,,,,,,
,,,,,,,,,,,
,,,,,,,,,,,
,,,,,,,,,,,
,,,,,,,,,,,
,,,,,,,,,,,
,,,,,,,,,,,
,,,,,,,,,,,
,,,,,,,,,,,
,,,,,,,,,,,
,,,,,,,,,,,
,,,,,,,,,,,
,,,,,,,,,,,
,,,,,,,,,,,
,,,,,,,,,,,
,,,,,,,,,,,
,,,,,,,,,,,
,,,,,,,,,,,
,,,,,,,,,,,
,,,,,,,,,,,
,,,,,,,,,,,
,,,,,,,,,,,
,,,,,,,,,,,
,,,,,,,,,,,
,,,,,,,,,,,
,,,,,,,,,,,
,,,,,,,,,,,
,,,,,,,,,,,
,,,,,,,,,,,
,,,,,,,,,,,
,,,,,,,,,,,
,,,,,,,,,,,
,,,,,,,,,,,
,,,,,,,,,,,
,,,,,,,,,,,
,,,,,,,,,,,
,,,,,,,,,,,
,,,,,,,,,,,
,,,,,,,,,,,
,,,,,,,,,,,
,,,,,,,,,,,
,,,,,,,,,,,
,,,,,,,,,,,
,,,,,,,,,,,
,,,,,,,,,,,
,,,,,,,,,,,
,,,,,,,,,,,
,,,,,,,,,,,
,,,,,,,,,,,
,,,,,,,,,,,
,,,,,,,,,,,
,,,,,,,,,,,
,,,,,,,,,,,
,,,,,,,,,,,
,,,,,,,,,,,
,,,,,,,,,,,
,,,,,,,,,,,
,,,,,,,,,,,
,,,,,,,,,,,
,,,,,,,,,,,
,,,,,,,,,,,
,,,,,,,,,,,
,,,,,,,,,,,
,,,,,,,,,,,
,,,,,,,,,,,
,,,,,,,,,,,
,,,,,,,,,,,
,,,,,,,,,,,
,,,,,,,,,,,
,,,,,,,,,,,
,,,,,,,,,,,
,,,,,,,,,,,
,,,,,,,,,,,
,,,,,,,,,,,
,,,,,,,,,,,
,,,,,,,,,,,
,,,,,,,,,,,
,,,,,,,,,,,
,,,,,,,,,,,
,,,,,,,,,,,
,,,,,,,,,,,
,,,,,,,,,,,
,,,,,,,,,,,
,,,,,,,,,,,
,,,,,,,,,,,
,,,,,,,,,,,
,,,,,,,,,,,
,,,,,,,,,,,
,,,,,,,,,,,
,,,,,,,,,,,
,,,,,,,,,,,
,,,,,,,,,,,
,,,,,,,,,,,
,,,,,,,,,,,
,,,,,,,,,,,
,,,,,,,,,,,
,,,,,,,,,,,
,,,,,,,,,,,
,,,,,,,,,,,
,,,,,,,,,,,
,,,,,,,,,,,
,,,,,,,,,,,
,,,,,,,,,,,
,,,,,,,,,,,
,,,,,,,,,,,
,,,,,,,,,,,
,,,,,,,,,,,
,,,,,,,,,,,
,,,,,,,,,,,
,,,,,,,,,,,
,,,,,,,,,,,
,,,,,,,,,,,
,,,,,,,,,,,
,,,,,,,,,,,
,,,,,,,,,,,
,,,,,,,,,,,
,,,,,,,,,,,
,,,,,,,,,,,
,,,,,,,,,,,
,,,,,,,,,,,
,,,,,,,,,,,
,,,,,,,,,,,
,,,,,,,,,,,
,,,,,,,,,,,
,,,,,,,,,,,
,,,,,,,,,,,
,,,,,,,,,,,
,,,,,,,,,,,
,,,,,,,,,,,
,,,,,,,,,,,
,,,,,,,,,,,
,,,,,,,,,,,
,,,,,,,,,,,
,,,,,,,,,,,
,,,,,,,,,,,
,,,,,,,,,,,
,,,,,,,,,,,
,,,,,,,,,,,
,,,,,,,,,,,
,,,,,,,,,,,
,,,,,,,,,,,
,,,,,,,,,,,
,,,,,,,,,,,
,,,,,,,,,,,
,,,,,,,,,,,
,,,,,,,,,,,
,,,,,,,,,,,
,,,,,,,,,,,
,,,,,,,,,,,
,,,,,,,,,,,
,,,,,,,,,,,
,,,,,,,,,,,
,,,,,,,,,,,
,,,,,,,,,,,
,,,,,,,,,,,
,,,,,,,,,,,
,,,,,,,,,,,
,,,,,,,,,,,
,,,,,,,,,,,
,,,,,,,,,,,
,,,,,,,,,,,
,,,,,,,,,,,
,,,,,,,,,,,
,,,,,,,,,,,
,,,,,,,,,,,
,,,,,,,,,,,
,,,,,,,,,,,
,,,,,,,,,,,
,,,,,,,,,,,
,,,,,,,,,,,
,,,,,,,,,,,
,,,,,,,,,,,
,,,,,,,,,,,
,,,,,,,,,,,
,,,,,,,,,,,
,,,,,,,,,,,
,,,,,,,,,,,
,,,,,,,,,,,
,,,,,,,,,,,
,,,,,,,,,,,
,,,,,,,,,,,
,,,,,,,,,,,
,,,,,,,,,,,
,,,,,,,,,,,
,,,,,,,,,,,
,,,,,,,,,,,
,,,,,,,,,,,
,,,,,,,,,,,
,,,,,,,,,,,
,,,,,,,,,,,
,,,,,,,,,,,
,,,,,,,,,,,
,,,,,,,,,,,
,,,,,,,,,,,
,,,,,,,,,,,
,,,,,,,,,,,
,,,,,,,,,,,
,,,,,,,,,,,
,,,,,,,,,,,
,,,,,,,,,,,
,,,,,,,,,,,
,,,,,,,,,,,
,,,,,,,,,,,
,,,,,,,,,,,
,,,,,,,,,,,
,,,,,,,,,,,
,,,,,,,,,,,
,,,,,,,,,,,
,,,,,,,,,,,
,,,,,,,,,,,
,,,,,,,,,,,
,,,,,,,,,,,
,,,,,,,,,,,
,,,,,,,,,,,
,,,,,,,,,,,
,,,,,,,,,,,
,,,,,,,,,,,
,,,,,,,,,,,
,,,,,,,,,,,
,,,,,,,,,,,
,,,,,,,,,,,
,,,,,,,,,,,
,,,,,,,,,,,
,,,,,,,,,,,
,,,,,,,,,,,
,,,,,,,,,,,
,,,,,,,,,,,
,,,,,,,,,,,
,,,,,,,,,,,
,,,,,,,,,,,
,,,,,,,,,,,
,,,,,,,,,,,
,,,,,,,,,,,
,,,,,,,,,,,
,,,,,,,,,,,
,,,,,,,,,,,
,,,,,,,,,,,
,,,,,,,,,,,
,,,,,,,,,,,
,,,,,,,,,,,
,,,,,,,,,,,
,,,,,,,,,,,
,,,,,,,,,,,
,,,,,,,,,,,
,,,,,,,,,,,
,,,,,,,,,,,
,,,,,,,,,,,
,,,,,,,,,,,
,,,,,,,,,,,
,,,,,,,,,,,
,,,,,,,,,,,
,,,,,,,,,,,
,,,,,,,,,,,
,,,,,,,,,,,
,,,,,,,,,,,
,,,,,,,,,,,
,,,,,,,,,,,
,,,,,,,,,,,
,,,,,,,,,,,
,,,,,,,,,,,
,,,,,,,,,,,
,,,,,,,,,,,
,,,,,,,,,,,
,,,,,,,,,,,
,,,,,,,,,,,
,,,,,,,,,,,
,,,,,,,,,,,
,,,,,,,,,,,
,,,,,,,,,,,
,,,,,,,,,,,
,,,,,,,,,,,
,,,,,,,,,,,
,,,,,,,,,,,
,,,,,,,,,,,
,,,,,,,,,,,
,,,,,,,,,,,
,,,,,,,,,,,
,,,,,,,,,,,
,,,,,,,,,,,
,,,,,,,,,,,
,,,,,,,,,,,
,,,,,,,,,,,
,,,,,,,,,,,
,,,,,,,,,,,
,,,,,,,,,,,
,,,,,,,,,,,
,,,,,,,,,,,
,,,,,,,,,,,
,,,,,,,,,,,
,,,,,,,,,,,
,,,,,,,,,,,
,,,,,,,,,,,
,,,,,,,,,,,
,,,,,,,,,,,
,,,,,,,,,,,
,,,,,,,,,,,
,,,,,,,,,,,
,,,,,,,,,,,
,,,,,,,,,,,
,,,,,,,,,,,
,,,,,,,,,,,
,,,,,,,,,,,
,,,,,,,,,,,
,,,,,,,,,,,
,,,,,,,,,,,
,,,,,,,,,,,
,,,,,,,,,,,
,,,,,,,,,,,
,,,,,,,,,,,
,,,,,,,,,,,
,,,,,,,,,,,
,,,,,,,,,,,
,,,,,,,,,,,
,,,,,,,,,,,
,,,,,,,,,,,
,,,,,,,,,,,
,,,,,,,,,,,
,,,,,,,,,,,
,,,,,,,,,,,
,,,,,,,,,,,
,,,,,,,,,,,
,,,,,,,,,,,
,,,,,,,,,,,
,,,,,,,,,,,
,,,,,,,,,,,
,,,,,,,,,,,
,,,,,,,,,,,
,,,,,,,,,,,
,,,,,,,,,,,
,,,,,,,,,,,
,,,,,,,,,,,
,,,,,,,,,,,
,,,,,,,,,,,
,,,,,,,,,,,
,,,,,,,,,,,
,,,,,,,,,,,
,,,,,,,,,,,
,,,,,,,,,,,
,,,,,,,,,,,
,,,,,,,,,,,
,,,,,,,,,,,
,,,,,,,,,,,
,,,,,,,,,,,
,,,,,,,,,,,
,,,,,,,,,,,
,,,,,,,,,,,
,,,,,,,,,,,
,,,,,,,,,,,
,,,,,,,,,,,
,,,,,,,,,,,
,,,,,,,,,,,
,,,,,,,,,,,
,,,,,,,,,,,
,,,,,,,,,,,
,,,,,,,,,,,
,,,,,,,,,,,
,,,,,,,,,,,
,,,,,,,,,,,
,,,,,,,,,,,
,,,,,,,,,,,
,,,,,,,,,,,
,,,,,,,,,,,
,,,,,,,,,,,
,,,,,,,,,,,
,,,,,,,,,,,
